-- Generated from TiM Metrics.xlsx (TiM Records) for Ken Boyle

begin;

insert into departments (id, slug, name, is_active, created_at, updated_at) values
  ('b2745aae-3720-4d94-94d9-7f834737f943', 'accounts', 'Accounts', true, '2026-04-16T00:54:18.748Z', '2026-04-16T00:54:18.748Z'),
  ('e9a2c6c4-b94e-4001-81d3-051fb76ec1a2', 'administration', 'Administration', true, '2026-04-16T00:54:18.748Z', '2026-04-16T00:54:18.748Z'),
  ('fbfdbc8e-f6ea-431f-b81f-5f4500c81e8a', 'business-development', 'Business Development', true, '2026-04-16T00:54:18.748Z', '2026-04-16T00:54:18.748Z'),
  ('784152bf-4518-49f0-a606-92802f54fddf', 'company', 'Company', true, '2026-04-16T00:54:18.748Z', '2026-04-16T00:54:18.748Z'),
  ('b375b7d5-a75a-4329-bf72-665ecb2da77e', 'human-resources', 'Human Resources', true, '2026-04-16T00:54:18.748Z', '2026-04-16T00:54:18.748Z'),
  ('7b033eba-ee6f-4e48-af5f-cb8bdd8430e3', 'office', 'Office', true, '2026-04-16T00:54:18.748Z', '2026-04-16T00:54:18.748Z'),
  ('0143eff8-9844-44ea-b4d5-f4e277c78bb9', 'property-management', 'Property Management', true, '2026-04-16T00:54:18.748Z', '2026-04-16T00:54:18.748Z'),
  ('f5e7b844-86c1-44b9-8743-743e4c526680', 'sales', 'Sales', true, '2026-04-16T00:54:18.748Z', '2026-04-16T00:54:18.748Z')
on conflict (slug) do update
set name = excluded.name,
    is_active = excluded.is_active,
    updated_at = excluded.updated_at;

insert into users (id, display_name, normalized_display_name, default_department_id, is_active, created_at, updated_at) values
  ('11dd9d76-c5c4-471c-a74b-2d3b6aafe6de', 'Ken Boyle', 'ken boyle', 'f5e7b844-86c1-44b9-8743-743e4c526680', true, '2026-04-16T00:54:18.748Z', '2026-04-16T00:54:18.748Z')
on conflict (id) do update
set display_name = excluded.display_name,
    normalized_display_name = excluded.normalized_display_name,
    default_department_id = excluded.default_department_id,
    is_active = excluded.is_active,
    updated_at = excluded.updated_at;

insert into activities (id, slug, name, kind, is_system, is_active, department_id, created_by_user_id, created_at, updated_at) values
  ('91ed5602-7972-467d-a1ec-540e7b3d42d4', 'not-timed', 'Not Timed', 'non-timed', true, true, null, null, '2026-04-16T00:54:18.748Z', '2026-04-16T00:54:18.748Z'),
  ('e4d9d2a7-6a3d-4fca-ab13-84341f9ce8ee', 'ai-research', 'AI - Research', 'timed', false, true, null, '11dd9d76-c5c4-471c-a74b-2d3b6aafe6de', '2026-04-16T00:54:18.748Z', '2026-04-16T00:54:18.748Z'),
  ('ee319e9c-cb3c-4d1c-8a2e-0c4db1d1ab4c', 'automation-creation-maintenance', 'Automation - Creation/Maintenance', 'timed', false, true, null, '11dd9d76-c5c4-471c-a74b-2d3b6aafe6de', '2026-04-16T00:54:18.748Z', '2026-04-16T00:54:18.748Z'),
  ('c444efd9-078c-4e18-9afd-25244fadb6db', 'cognito-forms-creation-modification', 'Cognito Forms - Creation/Modification', 'timed', false, true, null, '11dd9d76-c5c4-471c-a74b-2d3b6aafe6de', '2026-04-16T00:54:18.748Z', '2026-04-16T00:54:18.748Z'),
  ('2887fc95-e2dd-4465-b9b1-dcccc296a66a', 'email-responding-creating', 'Email - Responding/Creating', 'timed', false, true, null, '11dd9d76-c5c4-471c-a74b-2d3b6aafe6de', '2026-04-16T00:54:18.748Z', '2026-04-16T00:54:18.748Z'),
  ('91c128c0-f947-4aae-a1bc-e8c8519d5a4c', 'equipment-contracts-etc', 'Equipment - Contracts, etc.', 'timed', false, true, null, '11dd9d76-c5c4-471c-a74b-2d3b6aafe6de', '2026-04-16T00:54:18.748Z', '2026-04-16T00:54:18.748Z'),
  ('de6c5e78-92d8-4864-b3a3-4925cad8e98b', 'general-unspecified', 'General - Unspecified', 'timed', false, true, null, '11dd9d76-c5c4-471c-a74b-2d3b6aafe6de', '2026-04-16T00:54:18.748Z', '2026-04-16T00:54:18.748Z'),
  ('0a7a2102-4ef6-40f7-b838-107122523f9e', 'grey-fox-it-support', 'Grey Fox - IT Support', 'timed', false, true, null, '11dd9d76-c5c4-471c-a74b-2d3b6aafe6de', '2026-04-16T00:54:18.748Z', '2026-04-16T00:54:18.748Z'),
  ('1474c4fb-5aee-4b66-9285-6613b1b98363', 'infrastructure-equipment-cabling-etc', 'Infrastructure - Equipment, Cabling, etc.', 'timed', false, true, null, '11dd9d76-c5c4-471c-a74b-2d3b6aafe6de', '2026-04-16T00:54:18.748Z', '2026-04-16T00:54:18.748Z'),
  ('da828189-0123-41ae-8e0c-c1ff771e64b7', 'it-support', 'IT - Support', 'timed', false, true, null, '11dd9d76-c5c4-471c-a74b-2d3b6aafe6de', '2026-04-16T00:54:18.748Z', '2026-04-16T00:54:18.748Z'),
  ('d68103c7-16ff-473d-9ec0-857bdddc41af', 'lead-generation', 'Lead Generation', 'timed', false, true, null, '11dd9d76-c5c4-471c-a74b-2d3b6aafe6de', '2026-04-16T00:54:18.748Z', '2026-04-16T00:54:18.748Z'),
  ('e4c0dde4-3325-4966-af7d-fca55844e48f', 'meeting-attending', 'Meeting - Attending', 'timed', false, true, null, '11dd9d76-c5c4-471c-a74b-2d3b6aafe6de', '2026-04-16T00:54:18.748Z', '2026-04-16T00:54:18.748Z'),
  ('dacbb7ab-05df-4849-a292-a9e42be09e09', 'meeting-preparing-presenting', 'Meeting - Preparing/Presenting', 'timed', false, true, null, '11dd9d76-c5c4-471c-a74b-2d3b6aafe6de', '2026-04-16T00:54:18.748Z', '2026-04-16T00:54:18.748Z'),
  ('cca23e8c-bf28-449f-9633-bf82e687ed06', 'new-product-appraisal', 'New Product Appraisal', 'timed', false, true, null, '11dd9d76-c5c4-471c-a74b-2d3b6aafe6de', '2026-04-16T00:54:18.748Z', '2026-04-16T00:54:18.748Z'),
  ('6c159c2f-1457-4262-8848-c5f998e44a09', 'project-coding', 'Project - Coding', 'timed', false, true, null, '11dd9d76-c5c4-471c-a74b-2d3b6aafe6de', '2026-04-16T00:54:18.748Z', '2026-04-16T00:54:18.748Z'),
  ('fcd1f9af-5763-498b-bb04-ea193c1e6305', 'project-implementation', 'Project - Implementation', 'timed', false, true, null, '11dd9d76-c5c4-471c-a74b-2d3b6aafe6de', '2026-04-16T00:54:18.748Z', '2026-04-16T00:54:18.748Z'),
  ('fb018b64-fe21-415d-a646-e5affc70dba1', 'project-preparation', 'Project - Preparation', 'timed', false, true, null, '11dd9d76-c5c4-471c-a74b-2d3b6aafe6de', '2026-04-16T00:54:18.748Z', '2026-04-16T00:54:18.748Z'),
  ('db15f8f0-5be8-495e-8680-f7a04f4f5a5e', 'social-activities', 'Social Activities', 'timed', false, true, null, '11dd9d76-c5c4-471c-a74b-2d3b6aafe6de', '2026-04-16T00:54:18.748Z', '2026-04-16T00:54:18.748Z'),
  ('2b7f392f-b89c-4654-ac88-08162b9aaff7', 'training-attending', 'Training - Attending', 'timed', false, true, null, '11dd9d76-c5c4-471c-a74b-2d3b6aafe6de', '2026-04-16T00:54:18.748Z', '2026-04-16T00:54:18.748Z'),
  ('79b0aefd-1e46-4c1f-b2b2-67edf54235c4', 'training-preparing-presenting', 'Training - Preparing/Presenting', 'timed', false, true, null, '11dd9d76-c5c4-471c-a74b-2d3b6aafe6de', '2026-04-16T00:54:18.748Z', '2026-04-16T00:54:18.748Z'),
  ('2a968680-5a85-4775-8083-05370ecf7171', 'vault-maintenance', 'Vault Maintenance', 'timed', false, true, null, '11dd9d76-c5c4-471c-a74b-2d3b6aafe6de', '2026-04-16T00:54:18.748Z', '2026-04-16T00:54:18.748Z'),
  ('aece493f-2480-4ea9-9613-6b1f96d045e1', 'web-site-maintenance', 'Web Site - Maintenance', 'timed', false, true, null, '11dd9d76-c5c4-471c-a74b-2d3b6aafe6de', '2026-04-16T00:54:18.748Z', '2026-04-16T00:54:18.748Z'),
  ('ee66daa5-da1e-4dd1-b488-5db65f1411fc', 'website-maintenance', 'Website - Maintenance', 'timed', false, true, null, '11dd9d76-c5c4-471c-a74b-2d3b6aafe6de', '2026-04-16T00:54:18.748Z', '2026-04-16T00:54:18.748Z')
on conflict (slug) do update
set name = excluded.name,
    kind = excluded.kind,
    is_system = excluded.is_system,
    is_active = excluded.is_active,
    department_id = excluded.department_id,
    created_by_user_id = excluded.created_by_user_id,
    updated_at = excluded.updated_at;

insert into user_activity_assignments (user_id, activity_id, sort_order, is_hidden, created_at, updated_at) values
  ('11dd9d76-c5c4-471c-a74b-2d3b6aafe6de', '91ed5602-7972-467d-a1ec-540e7b3d42d4', 0, false, '2026-04-16T00:54:18.748Z', '2026-04-16T00:54:18.748Z'),
  ('11dd9d76-c5c4-471c-a74b-2d3b6aafe6de', 'e4d9d2a7-6a3d-4fca-ab13-84341f9ce8ee', 1, false, '2026-04-16T00:54:18.748Z', '2026-04-16T00:54:18.748Z'),
  ('11dd9d76-c5c4-471c-a74b-2d3b6aafe6de', 'ee319e9c-cb3c-4d1c-8a2e-0c4db1d1ab4c', 2, false, '2026-04-16T00:54:18.748Z', '2026-04-16T00:54:18.748Z'),
  ('11dd9d76-c5c4-471c-a74b-2d3b6aafe6de', 'c444efd9-078c-4e18-9afd-25244fadb6db', 3, false, '2026-04-16T00:54:18.748Z', '2026-04-16T00:54:18.748Z'),
  ('11dd9d76-c5c4-471c-a74b-2d3b6aafe6de', '2887fc95-e2dd-4465-b9b1-dcccc296a66a', 4, false, '2026-04-16T00:54:18.748Z', '2026-04-16T00:54:18.748Z'),
  ('11dd9d76-c5c4-471c-a74b-2d3b6aafe6de', '91c128c0-f947-4aae-a1bc-e8c8519d5a4c', 5, false, '2026-04-16T00:54:18.748Z', '2026-04-16T00:54:18.748Z'),
  ('11dd9d76-c5c4-471c-a74b-2d3b6aafe6de', 'de6c5e78-92d8-4864-b3a3-4925cad8e98b', 6, false, '2026-04-16T00:54:18.748Z', '2026-04-16T00:54:18.748Z'),
  ('11dd9d76-c5c4-471c-a74b-2d3b6aafe6de', '0a7a2102-4ef6-40f7-b838-107122523f9e', 7, false, '2026-04-16T00:54:18.748Z', '2026-04-16T00:54:18.748Z'),
  ('11dd9d76-c5c4-471c-a74b-2d3b6aafe6de', '1474c4fb-5aee-4b66-9285-6613b1b98363', 8, false, '2026-04-16T00:54:18.748Z', '2026-04-16T00:54:18.748Z'),
  ('11dd9d76-c5c4-471c-a74b-2d3b6aafe6de', 'da828189-0123-41ae-8e0c-c1ff771e64b7', 9, false, '2026-04-16T00:54:18.748Z', '2026-04-16T00:54:18.748Z'),
  ('11dd9d76-c5c4-471c-a74b-2d3b6aafe6de', 'd68103c7-16ff-473d-9ec0-857bdddc41af', 10, false, '2026-04-16T00:54:18.748Z', '2026-04-16T00:54:18.748Z'),
  ('11dd9d76-c5c4-471c-a74b-2d3b6aafe6de', 'e4c0dde4-3325-4966-af7d-fca55844e48f', 11, false, '2026-04-16T00:54:18.748Z', '2026-04-16T00:54:18.748Z'),
  ('11dd9d76-c5c4-471c-a74b-2d3b6aafe6de', 'dacbb7ab-05df-4849-a292-a9e42be09e09', 12, false, '2026-04-16T00:54:18.748Z', '2026-04-16T00:54:18.748Z'),
  ('11dd9d76-c5c4-471c-a74b-2d3b6aafe6de', 'cca23e8c-bf28-449f-9633-bf82e687ed06', 13, false, '2026-04-16T00:54:18.748Z', '2026-04-16T00:54:18.748Z'),
  ('11dd9d76-c5c4-471c-a74b-2d3b6aafe6de', '6c159c2f-1457-4262-8848-c5f998e44a09', 14, false, '2026-04-16T00:54:18.748Z', '2026-04-16T00:54:18.748Z'),
  ('11dd9d76-c5c4-471c-a74b-2d3b6aafe6de', 'fcd1f9af-5763-498b-bb04-ea193c1e6305', 15, false, '2026-04-16T00:54:18.748Z', '2026-04-16T00:54:18.748Z'),
  ('11dd9d76-c5c4-471c-a74b-2d3b6aafe6de', 'fb018b64-fe21-415d-a646-e5affc70dba1', 16, false, '2026-04-16T00:54:18.748Z', '2026-04-16T00:54:18.748Z'),
  ('11dd9d76-c5c4-471c-a74b-2d3b6aafe6de', 'db15f8f0-5be8-495e-8680-f7a04f4f5a5e', 17, false, '2026-04-16T00:54:18.748Z', '2026-04-16T00:54:18.748Z'),
  ('11dd9d76-c5c4-471c-a74b-2d3b6aafe6de', '2b7f392f-b89c-4654-ac88-08162b9aaff7', 18, false, '2026-04-16T00:54:18.748Z', '2026-04-16T00:54:18.748Z'),
  ('11dd9d76-c5c4-471c-a74b-2d3b6aafe6de', '79b0aefd-1e46-4c1f-b2b2-67edf54235c4', 19, false, '2026-04-16T00:54:18.748Z', '2026-04-16T00:54:18.748Z'),
  ('11dd9d76-c5c4-471c-a74b-2d3b6aafe6de', '2a968680-5a85-4775-8083-05370ecf7171', 20, false, '2026-04-16T00:54:18.748Z', '2026-04-16T00:54:18.748Z'),
  ('11dd9d76-c5c4-471c-a74b-2d3b6aafe6de', 'aece493f-2480-4ea9-9613-6b1f96d045e1', 21, false, '2026-04-16T00:54:18.748Z', '2026-04-16T00:54:18.748Z'),
  ('11dd9d76-c5c4-471c-a74b-2d3b6aafe6de', 'ee66daa5-da1e-4dd1-b488-5db65f1411fc', 22, false, '2026-04-16T00:54:18.748Z', '2026-04-16T00:54:18.748Z')
on conflict (user_id, activity_id) do update
set sort_order = excluded.sort_order,
    is_hidden = excluded.is_hidden,
    updated_at = excluded.updated_at;

insert into historical_tim_daily_records (id, source_record_key, work_date, employee_name, department_name, activity_name, hours, source_file, source_row_number, imported_at, mapped_user_id, mapped_department_id, mapped_activity_id, created_at) values
  ('21fd74d3-bfe2-4936-8afc-e1b28fde1d1d', 'historical-130c78d1e8b8354f', '2024-06-10', 'Ken Boyle', 'Administration', 'General - Unspecified', 9, 'TiM Metrics.xlsx', 17, '2026-04-16T00:54:18.748Z', '11dd9d76-c5c4-471c-a74b-2d3b6aafe6de', 'e9a2c6c4-b94e-4001-81d3-051fb76ec1a2', 'de6c5e78-92d8-4864-b3a3-4925cad8e98b', '2026-04-16T00:54:18.748Z'),
  ('49d94315-f607-4b87-98dd-21e66654d553', 'historical-b0761bc9f5796e3b', '2024-06-11', 'Ken Boyle', 'Administration', 'General - Unspecified', 9, 'TiM Metrics.xlsx', 31, '2026-04-16T00:54:18.748Z', '11dd9d76-c5c4-471c-a74b-2d3b6aafe6de', 'e9a2c6c4-b94e-4001-81d3-051fb76ec1a2', 'de6c5e78-92d8-4864-b3a3-4925cad8e98b', '2026-04-16T00:54:18.748Z'),
  ('99cf56e1-000a-46b1-84e9-3f5cd351f234', 'historical-b1bf8b02053fbc68', '2024-06-12', 'Ken Boyle', 'Administration', 'Automation - Creation/Maintenance', 1, 'TiM Metrics.xlsx', 44, '2026-04-16T00:54:18.748Z', '11dd9d76-c5c4-471c-a74b-2d3b6aafe6de', 'e9a2c6c4-b94e-4001-81d3-051fb76ec1a2', 'ee319e9c-cb3c-4d1c-8a2e-0c4db1d1ab4c', '2026-04-16T00:54:18.748Z'),
  ('500e3e4e-9b80-464c-88d0-7e218b249705', 'historical-a0bc0ed6be21c8e6', '2024-06-12', 'Ken Boyle', 'Administration', 'Cognito Forms - Creation/Modification', 0.50, 'TiM Metrics.xlsx', 41, '2026-04-16T00:54:18.748Z', '11dd9d76-c5c4-471c-a74b-2d3b6aafe6de', 'e9a2c6c4-b94e-4001-81d3-051fb76ec1a2', 'c444efd9-078c-4e18-9afd-25244fadb6db', '2026-04-16T00:54:18.748Z'),
  ('9773a9e0-4c38-42ff-9fb1-9097f78d2145', 'historical-a2f76048d79aa903', '2024-06-12', 'Ken Boyle', 'Administration', 'Email - Responding/Creating', 1, 'TiM Metrics.xlsx', 43, '2026-04-16T00:54:18.748Z', '11dd9d76-c5c4-471c-a74b-2d3b6aafe6de', 'e9a2c6c4-b94e-4001-81d3-051fb76ec1a2', '2887fc95-e2dd-4465-b9b1-dcccc296a66a', '2026-04-16T00:54:18.748Z'),
  ('b007dce1-e389-4b9a-bc2e-a54d223f1626', 'historical-3faa3da3defe2b52', '2024-06-12', 'Ken Boyle', 'Administration', 'Website - Maintenance', 0.50, 'TiM Metrics.xlsx', 42, '2026-04-16T00:54:18.748Z', '11dd9d76-c5c4-471c-a74b-2d3b6aafe6de', 'e9a2c6c4-b94e-4001-81d3-051fb76ec1a2', 'ee66daa5-da1e-4dd1-b488-5db65f1411fc', '2026-04-16T00:54:18.748Z'),
  ('ec2dc7fc-4486-4030-abbf-8b9a5ed221a3', 'historical-2331e41fb3bd5dd5', '2024-06-12', 'Ken Boyle', 'Property Management', 'IT - Support', 0.50, 'TiM Metrics.xlsx', 40, '2026-04-16T00:54:18.748Z', '11dd9d76-c5c4-471c-a74b-2d3b6aafe6de', '0143eff8-9844-44ea-b4d5-f4e277c78bb9', 'da828189-0123-41ae-8e0c-c1ff771e64b7', '2026-04-16T00:54:18.748Z'),
  ('c5a9e0b0-5185-4fb7-93ad-1ae864399e2b', 'historical-eb1e4e1b85c4f497', '2024-06-12', 'Ken Boyle', 'Sales', 'Cognito Forms - Creation/Modification', 7.50, 'TiM Metrics.xlsx', 39, '2026-04-16T00:54:18.748Z', '11dd9d76-c5c4-471c-a74b-2d3b6aafe6de', 'f5e7b844-86c1-44b9-8743-743e4c526680', 'c444efd9-078c-4e18-9afd-25244fadb6db', '2026-04-16T00:54:18.748Z'),
  ('e2a126a4-3b0a-4c69-81b7-614cbc22014c', 'historical-b9289f0c0b166b19', '2024-06-13', 'Ken Boyle', 'Administration', 'AI - Research', 2, 'TiM Metrics.xlsx', 53, '2026-04-16T00:54:18.748Z', '11dd9d76-c5c4-471c-a74b-2d3b6aafe6de', 'e9a2c6c4-b94e-4001-81d3-051fb76ec1a2', 'e4d9d2a7-6a3d-4fca-ab13-84341f9ce8ee', '2026-04-16T00:54:18.748Z'),
  ('8bb82a92-6bb8-47c0-8c00-f448412042bb', 'historical-dcdf85943a4cb9a4', '2024-06-13', 'Ken Boyle', 'Administration', 'Cognito Forms - Creation/Modification', 1.75, 'TiM Metrics.xlsx', 55, '2026-04-16T00:54:18.748Z', '11dd9d76-c5c4-471c-a74b-2d3b6aafe6de', 'e9a2c6c4-b94e-4001-81d3-051fb76ec1a2', 'c444efd9-078c-4e18-9afd-25244fadb6db', '2026-04-16T00:54:18.748Z'),
  ('2b70e78b-9ab1-4ea2-ba6e-93aa94f91e74', 'historical-c73957ae3d64e404', '2024-06-13', 'Ken Boyle', 'Administration', 'Email - Responding/Creating', 1, 'TiM Metrics.xlsx', 54, '2026-04-16T00:54:18.748Z', '11dd9d76-c5c4-471c-a74b-2d3b6aafe6de', 'e9a2c6c4-b94e-4001-81d3-051fb76ec1a2', '2887fc95-e2dd-4465-b9b1-dcccc296a66a', '2026-04-16T00:54:18.748Z'),
  ('ea25ec91-17aa-4b6b-8999-56c5ec7c94a2', 'historical-71b178e390a27eee', '2024-06-13', 'Ken Boyle', 'Administration', 'General - Unspecified', 1, 'TiM Metrics.xlsx', 56, '2026-04-16T00:54:18.748Z', '11dd9d76-c5c4-471c-a74b-2d3b6aafe6de', 'e9a2c6c4-b94e-4001-81d3-051fb76ec1a2', 'de6c5e78-92d8-4864-b3a3-4925cad8e98b', '2026-04-16T00:54:18.748Z'),
  ('03b24753-b0fa-4ed6-8065-d92a365511ce', 'historical-d854e9a75e357db5', '2024-06-13', 'Ken Boyle', 'Administration', 'Training - Attending', 1.50, 'TiM Metrics.xlsx', 57, '2026-04-16T00:54:18.748Z', '11dd9d76-c5c4-471c-a74b-2d3b6aafe6de', 'e9a2c6c4-b94e-4001-81d3-051fb76ec1a2', '2b7f392f-b89c-4654-ac88-08162b9aaff7', '2026-04-16T00:54:18.748Z'),
  ('868de0ed-6f7b-4079-be32-a75836884f88', 'historical-4bcf57ad751a6843', '2024-06-13', 'Ken Boyle', 'Administration', 'Website - Maintenance', 0.50, 'TiM Metrics.xlsx', 59, '2026-04-16T00:54:18.748Z', '11dd9d76-c5c4-471c-a74b-2d3b6aafe6de', 'e9a2c6c4-b94e-4001-81d3-051fb76ec1a2', 'ee66daa5-da1e-4dd1-b488-5db65f1411fc', '2026-04-16T00:54:18.748Z'),
  ('751cdf2a-c615-464e-9af3-9fff88727fee', 'historical-6079a66f8fab1251', '2024-06-13', 'Ken Boyle', 'Property Management', 'IT - Support', 0.50, 'TiM Metrics.xlsx', 58, '2026-04-16T00:54:18.748Z', '11dd9d76-c5c4-471c-a74b-2d3b6aafe6de', '0143eff8-9844-44ea-b4d5-f4e277c78bb9', 'da828189-0123-41ae-8e0c-c1ff771e64b7', '2026-04-16T00:54:18.748Z'),
  ('0423d19c-29cc-4678-8f0f-cf69ce549b7f', 'historical-9d99b5fdbadad546', '2024-06-14', 'Ken Boyle', 'Administration', 'Email - Responding/Creating', 1, 'TiM Metrics.xlsx', 67, '2026-04-16T00:54:18.748Z', '11dd9d76-c5c4-471c-a74b-2d3b6aafe6de', 'e9a2c6c4-b94e-4001-81d3-051fb76ec1a2', '2887fc95-e2dd-4465-b9b1-dcccc296a66a', '2026-04-16T00:54:18.748Z'),
  ('c1c45212-b5eb-43ed-aa95-fa1eb2a6c54b', 'historical-8c0900b878711433', '2024-06-14', 'Ken Boyle', 'Administration', 'General - Unspecified', 0.50, 'TiM Metrics.xlsx', 71, '2026-04-16T00:54:18.748Z', '11dd9d76-c5c4-471c-a74b-2d3b6aafe6de', 'e9a2c6c4-b94e-4001-81d3-051fb76ec1a2', 'de6c5e78-92d8-4864-b3a3-4925cad8e98b', '2026-04-16T00:54:18.748Z'),
  ('8fbac398-aa11-46eb-8d63-2472835aa4f1', 'historical-5d827d4ba59c009f', '2024-06-14', 'Ken Boyle', 'Administration', 'IT - Support', 0.50, 'TiM Metrics.xlsx', 75, '2026-04-16T00:54:18.748Z', '11dd9d76-c5c4-471c-a74b-2d3b6aafe6de', 'e9a2c6c4-b94e-4001-81d3-051fb76ec1a2', 'da828189-0123-41ae-8e0c-c1ff771e64b7', '2026-04-16T00:54:18.748Z'),
  ('b933e73a-156e-4dc6-a743-eceddccc8988', 'historical-555b31003d60c5ce', '2024-06-14', 'Ken Boyle', 'Company', 'Equipment - Contracts, etc.', 0.75, 'TiM Metrics.xlsx', 70, '2026-04-16T00:54:18.748Z', '11dd9d76-c5c4-471c-a74b-2d3b6aafe6de', '784152bf-4518-49f0-a606-92802f54fddf', '91c128c0-f947-4aae-a1bc-e8c8519d5a4c', '2026-04-16T00:54:18.748Z'),
  ('54b4a929-7e72-4a8d-8ee4-4c8c9f491b9a', 'historical-783c21b9fc018a37', '2024-06-14', 'Ken Boyle', 'Company', 'Project - Implementation', 3.50, 'TiM Metrics.xlsx', 69, '2026-04-16T00:54:18.748Z', '11dd9d76-c5c4-471c-a74b-2d3b6aafe6de', '784152bf-4518-49f0-a606-92802f54fddf', 'fcd1f9af-5763-498b-bb04-ea193c1e6305', '2026-04-16T00:54:18.748Z'),
  ('7e16aaf7-03d1-40f9-9ec0-937df96eaddf', 'historical-a0d27c4ef56c037b', '2024-06-14', 'Ken Boyle', 'Human Resources', 'Equipment - Contracts, etc.', 0.25, 'TiM Metrics.xlsx', 74, '2026-04-16T00:54:18.748Z', '11dd9d76-c5c4-471c-a74b-2d3b6aafe6de', 'b375b7d5-a75a-4329-bf72-665ecb2da77e', '91c128c0-f947-4aae-a1bc-e8c8519d5a4c', '2026-04-16T00:54:18.748Z'),
  ('dc4c5ca0-ccc5-4744-8bc1-44db0dcbd1b0', 'historical-dd40723107d4d283', '2024-06-14', 'Ken Boyle', 'Office', 'Grey Fox - IT Support', 0.50, 'TiM Metrics.xlsx', 72, '2026-04-16T00:54:18.748Z', '11dd9d76-c5c4-471c-a74b-2d3b6aafe6de', '7b033eba-ee6f-4e48-af5f-cb8bdd8430e3', '0a7a2102-4ef6-40f7-b838-107122523f9e', '2026-04-16T00:54:18.748Z'),
  ('fa682488-dc82-47d2-ba38-3e5a8d531402', 'historical-c4ce3ac0db9bacd6', '2024-06-14', 'Ken Boyle', 'Office', 'IT - Support', 1, 'TiM Metrics.xlsx', 76, '2026-04-16T00:54:18.748Z', '11dd9d76-c5c4-471c-a74b-2d3b6aafe6de', '7b033eba-ee6f-4e48-af5f-cb8bdd8430e3', 'da828189-0123-41ae-8e0c-c1ff771e64b7', '2026-04-16T00:54:18.748Z'),
  ('44b7afcf-cacd-48ac-b410-be9f227806ce', 'historical-0c12af4a8a39bf3d', '2024-06-14', 'Ken Boyle', 'Property Management', 'IT - Support', 0.25, 'TiM Metrics.xlsx', 73, '2026-04-16T00:54:18.748Z', '11dd9d76-c5c4-471c-a74b-2d3b6aafe6de', '0143eff8-9844-44ea-b4d5-f4e277c78bb9', 'da828189-0123-41ae-8e0c-c1ff771e64b7', '2026-04-16T00:54:18.748Z'),
  ('515ad83f-aa66-4068-b145-ed023c22d3dc', 'historical-503d1dc5d20fe446', '2024-06-14', 'Ken Boyle', 'Sales', 'Cognito Forms - Creation/Modification', 0.25, 'TiM Metrics.xlsx', 68, '2026-04-16T00:54:18.748Z', '11dd9d76-c5c4-471c-a74b-2d3b6aafe6de', 'f5e7b844-86c1-44b9-8743-743e4c526680', 'c444efd9-078c-4e18-9afd-25244fadb6db', '2026-04-16T00:54:18.748Z'),
  ('99d1ef50-fc34-4b59-999c-b149542c11f3', 'historical-d6e554d4930d94e5', '2024-06-15', 'Ken Boyle', 'Administration', 'Email - Responding/Creating', 0.25, 'TiM Metrics.xlsx', 77, '2026-04-16T00:54:18.748Z', '11dd9d76-c5c4-471c-a74b-2d3b6aafe6de', 'e9a2c6c4-b94e-4001-81d3-051fb76ec1a2', '2887fc95-e2dd-4465-b9b1-dcccc296a66a', '2026-04-16T00:54:18.748Z'),
  ('f758f1dd-1fc4-4c7b-b8ca-be5197f32685', 'historical-843c6bb4cb0bc4f6', '2024-06-15', 'Ken Boyle', 'Office', 'Project - Preparation', 1.75, 'TiM Metrics.xlsx', 78, '2026-04-16T00:54:18.748Z', '11dd9d76-c5c4-471c-a74b-2d3b6aafe6de', '7b033eba-ee6f-4e48-af5f-cb8bdd8430e3', 'fb018b64-fe21-415d-a646-e5affc70dba1', '2026-04-16T00:54:18.748Z'),
  ('f83047c4-64a0-40f8-98c6-d25ad5620cca', 'historical-cdbd2a0b6b4d84b3', '2024-06-16', 'Ken Boyle', 'Office', 'Project - Implementation', 1.50, 'TiM Metrics.xlsx', 79, '2026-04-16T00:54:18.748Z', '11dd9d76-c5c4-471c-a74b-2d3b6aafe6de', '7b033eba-ee6f-4e48-af5f-cb8bdd8430e3', 'fcd1f9af-5763-498b-bb04-ea193c1e6305', '2026-04-16T00:54:18.748Z'),
  ('6fca0b0b-3061-45e8-8520-1ef938f9680a', 'historical-2e61018dd884b4c0', '2024-06-17', 'Ken Boyle', 'Administration', 'Email - Responding/Creating', 1, 'TiM Metrics.xlsx', 80, '2026-04-16T00:54:18.748Z', '11dd9d76-c5c4-471c-a74b-2d3b6aafe6de', 'e9a2c6c4-b94e-4001-81d3-051fb76ec1a2', '2887fc95-e2dd-4465-b9b1-dcccc296a66a', '2026-04-16T00:54:18.748Z'),
  ('a5357c93-57bc-4f0e-b581-cdb5d36ae973', 'historical-e36a50599fc45d18', '2024-06-17', 'Ken Boyle', 'Administration', 'IT - Support', 0.50, 'TiM Metrics.xlsx', 81, '2026-04-16T00:54:18.748Z', '11dd9d76-c5c4-471c-a74b-2d3b6aafe6de', 'e9a2c6c4-b94e-4001-81d3-051fb76ec1a2', 'da828189-0123-41ae-8e0c-c1ff771e64b7', '2026-04-16T00:54:18.748Z'),
  ('d2291efa-18a5-4eef-80e0-7f4516f894b2', 'historical-63f9e43662de5148', '2024-06-17', 'Ken Boyle', 'Business Development', 'General - Unspecified', 0.75, 'TiM Metrics.xlsx', 86, '2026-04-16T00:54:18.748Z', '11dd9d76-c5c4-471c-a74b-2d3b6aafe6de', 'fbfdbc8e-f6ea-431f-b81f-5f4500c81e8a', 'de6c5e78-92d8-4864-b3a3-4925cad8e98b', '2026-04-16T00:54:18.748Z'),
  ('031401b7-7166-4828-b8c4-89d9afec325b', 'historical-5ad184013478ab68', '2024-06-17', 'Ken Boyle', 'Business Development', 'Project - Preparation', 4.50, 'TiM Metrics.xlsx', 85, '2026-04-16T00:54:18.748Z', '11dd9d76-c5c4-471c-a74b-2d3b6aafe6de', 'fbfdbc8e-f6ea-431f-b81f-5f4500c81e8a', 'fb018b64-fe21-415d-a646-e5affc70dba1', '2026-04-16T00:54:18.748Z'),
  ('daecefa0-d15c-4f23-a1b2-b51b966d7193', 'historical-7345f28b6814640e', '2024-06-17', 'Ken Boyle', 'Company', 'Cognito Forms - Creation/Modification', 1.25, 'TiM Metrics.xlsx', 83, '2026-04-16T00:54:18.748Z', '11dd9d76-c5c4-471c-a74b-2d3b6aafe6de', '784152bf-4518-49f0-a606-92802f54fddf', 'c444efd9-078c-4e18-9afd-25244fadb6db', '2026-04-16T00:54:18.748Z'),
  ('86dffc5c-dc9c-4d5e-8e1a-be32e23cf48e', 'historical-c93aa8610cf75590', '2024-06-17', 'Ken Boyle', 'Company', 'Equipment - Contracts, etc.', 0.25, 'TiM Metrics.xlsx', 82, '2026-04-16T00:54:18.748Z', '11dd9d76-c5c4-471c-a74b-2d3b6aafe6de', '784152bf-4518-49f0-a606-92802f54fddf', '91c128c0-f947-4aae-a1bc-e8c8519d5a4c', '2026-04-16T00:54:18.748Z'),
  ('b06799e3-833b-4a6a-93e1-73dadb857ec9', 'historical-4b094c44d8a55ed3', '2024-06-17', 'Ken Boyle', 'Sales', 'Cognito Forms - Creation/Modification', 1, 'TiM Metrics.xlsx', 84, '2026-04-16T00:54:18.748Z', '11dd9d76-c5c4-471c-a74b-2d3b6aafe6de', 'f5e7b844-86c1-44b9-8743-743e4c526680', 'c444efd9-078c-4e18-9afd-25244fadb6db', '2026-04-16T00:54:18.748Z'),
  ('2382adfa-de69-42ba-9c57-4d725cebb216', 'historical-822f27903ad86f18', '2024-06-18', 'Ken Boyle', 'Administration', 'Email - Responding/Creating', 0.50, 'TiM Metrics.xlsx', 87, '2026-04-16T00:54:18.748Z', '11dd9d76-c5c4-471c-a74b-2d3b6aafe6de', 'e9a2c6c4-b94e-4001-81d3-051fb76ec1a2', '2887fc95-e2dd-4465-b9b1-dcccc296a66a', '2026-04-16T00:54:18.748Z'),
  ('ea449c20-d41f-46a6-9ffa-83d1e7e3d6eb', 'historical-859424e1ae284f56', '2024-06-18', 'Ken Boyle', 'Administration', 'General - Unspecified', 2, 'TiM Metrics.xlsx', 92, '2026-04-16T00:54:18.748Z', '11dd9d76-c5c4-471c-a74b-2d3b6aafe6de', 'e9a2c6c4-b94e-4001-81d3-051fb76ec1a2', 'de6c5e78-92d8-4864-b3a3-4925cad8e98b', '2026-04-16T00:54:18.748Z'),
  ('93b68e6a-bc4b-4a94-9241-c8f24581fcc7', 'historical-977eabf874ac1b6c', '2024-06-18', 'Ken Boyle', 'Business Development', 'Automation - Creation/Maintenance', 2, 'TiM Metrics.xlsx', 90, '2026-04-16T00:54:18.748Z', '11dd9d76-c5c4-471c-a74b-2d3b6aafe6de', 'fbfdbc8e-f6ea-431f-b81f-5f4500c81e8a', 'ee319e9c-cb3c-4d1c-8a2e-0c4db1d1ab4c', '2026-04-16T00:54:18.748Z'),
  ('8b17c351-4551-47f0-9036-f2c2aaae3a8f', 'historical-64fd0e2e6b939431', '2024-06-18', 'Ken Boyle', 'Business Development', 'Cognito Forms - Creation/Modification', 1.50, 'TiM Metrics.xlsx', 89, '2026-04-16T00:54:18.748Z', '11dd9d76-c5c4-471c-a74b-2d3b6aafe6de', 'fbfdbc8e-f6ea-431f-b81f-5f4500c81e8a', 'c444efd9-078c-4e18-9afd-25244fadb6db', '2026-04-16T00:54:18.748Z'),
  ('b0d24984-a378-4edc-b7c7-b3a4cf8241f6', 'historical-9fee1269400dc115', '2024-06-18', 'Ken Boyle', 'Business Development', 'IT - Support', 0.25, 'TiM Metrics.xlsx', 88, '2026-04-16T00:54:18.748Z', '11dd9d76-c5c4-471c-a74b-2d3b6aafe6de', 'fbfdbc8e-f6ea-431f-b81f-5f4500c81e8a', 'da828189-0123-41ae-8e0c-c1ff771e64b7', '2026-04-16T00:54:18.748Z'),
  ('51b5184a-552e-42cb-8f67-bbba36720d7f', 'historical-24e3ed8214ddb7d9', '2024-06-18', 'Ken Boyle', 'Business Development', 'Project - Preparation', 2, 'TiM Metrics.xlsx', 91, '2026-04-16T00:54:18.748Z', '11dd9d76-c5c4-471c-a74b-2d3b6aafe6de', 'fbfdbc8e-f6ea-431f-b81f-5f4500c81e8a', 'fb018b64-fe21-415d-a646-e5affc70dba1', '2026-04-16T00:54:18.748Z'),
  ('9b8cb431-0734-4be0-a2e4-fc9cf84b6f3d', 'historical-94e46225ce6307fc', '2024-06-18', 'Ken Boyle', 'Sales', 'Cognito Forms - Creation/Modification', 0.50, 'TiM Metrics.xlsx', 93, '2026-04-16T00:54:18.748Z', '11dd9d76-c5c4-471c-a74b-2d3b6aafe6de', 'f5e7b844-86c1-44b9-8743-743e4c526680', 'c444efd9-078c-4e18-9afd-25244fadb6db', '2026-04-16T00:54:18.748Z'),
  ('eff7bdad-7fbe-4cc4-9232-a9678518fc62', 'historical-de1ad0c29fe3c09c', '2024-06-19', 'Ken Boyle', 'Administration', 'Cognito Forms - Creation/Modification', 5, 'TiM Metrics.xlsx', 96, '2026-04-16T00:54:18.748Z', '11dd9d76-c5c4-471c-a74b-2d3b6aafe6de', 'e9a2c6c4-b94e-4001-81d3-051fb76ec1a2', 'c444efd9-078c-4e18-9afd-25244fadb6db', '2026-04-16T00:54:18.748Z'),
  ('bbdc23e8-1db0-49c8-bf64-6751b86e2a98', 'historical-afe7d667c6bd9d14', '2024-06-19', 'Ken Boyle', 'Company', 'Equipment - Contracts, etc.', 3, 'TiM Metrics.xlsx', 98, '2026-04-16T00:54:18.748Z', '11dd9d76-c5c4-471c-a74b-2d3b6aafe6de', '784152bf-4518-49f0-a606-92802f54fddf', '91c128c0-f947-4aae-a1bc-e8c8519d5a4c', '2026-04-16T00:54:18.748Z'),
  ('c8a73d72-4f65-469f-9eb7-c7fbc68c5ccb', 'historical-23c83095ccf7bc50', '2024-06-19', 'Ken Boyle', 'Company', 'Meeting - Attending', 0.25, 'TiM Metrics.xlsx', 97, '2026-04-16T00:54:18.748Z', '11dd9d76-c5c4-471c-a74b-2d3b6aafe6de', '784152bf-4518-49f0-a606-92802f54fddf', 'e4c0dde4-3325-4966-af7d-fca55844e48f', '2026-04-16T00:54:18.748Z'),
  ('efa8c20d-b5f1-443e-98e2-c6c674c54adc', 'historical-c858e6503bd9532f', '2024-06-20', 'Ken Boyle', 'Administration', 'Email - Responding/Creating', 0.75, 'TiM Metrics.xlsx', 99, '2026-04-16T00:54:18.748Z', '11dd9d76-c5c4-471c-a74b-2d3b6aafe6de', 'e9a2c6c4-b94e-4001-81d3-051fb76ec1a2', '2887fc95-e2dd-4465-b9b1-dcccc296a66a', '2026-04-16T00:54:18.748Z'),
  ('57b0e202-a4dd-4735-9f37-bdb283c19b5f', 'historical-40619c19873a365a', '2024-06-20', 'Ken Boyle', 'Administration', 'General - Unspecified', 3, 'TiM Metrics.xlsx', 101, '2026-04-16T00:54:18.748Z', '11dd9d76-c5c4-471c-a74b-2d3b6aafe6de', 'e9a2c6c4-b94e-4001-81d3-051fb76ec1a2', 'de6c5e78-92d8-4864-b3a3-4925cad8e98b', '2026-04-16T00:54:18.748Z'),
  ('b17a18e7-2bc7-4bb4-965a-49db9811b66d', 'historical-bba30578850ec0d3', '2024-06-20', 'Ken Boyle', 'Administration', 'Training - Attending', 1.50, 'TiM Metrics.xlsx', 100, '2026-04-16T00:54:18.748Z', '11dd9d76-c5c4-471c-a74b-2d3b6aafe6de', 'e9a2c6c4-b94e-4001-81d3-051fb76ec1a2', '2b7f392f-b89c-4654-ac88-08162b9aaff7', '2026-04-16T00:54:18.748Z'),
  ('0128bab8-b946-4305-972b-91fed5ccefdb', 'historical-4a7af16d5cc23ce1', '2024-06-20', 'Ken Boyle', 'Office', 'Grey Fox - IT Support', 1.50, 'TiM Metrics.xlsx', 103, '2026-04-16T00:54:18.748Z', '11dd9d76-c5c4-471c-a74b-2d3b6aafe6de', '7b033eba-ee6f-4e48-af5f-cb8bdd8430e3', '0a7a2102-4ef6-40f7-b838-107122523f9e', '2026-04-16T00:54:18.748Z'),
  ('5983c921-27c6-4f28-8228-0492a77a6352', 'historical-53b06d634ce8443e', '2024-06-20', 'Ken Boyle', 'Sales', 'IT - Support', 0.25, 'TiM Metrics.xlsx', 102, '2026-04-16T00:54:18.748Z', '11dd9d76-c5c4-471c-a74b-2d3b6aafe6de', 'f5e7b844-86c1-44b9-8743-743e4c526680', 'da828189-0123-41ae-8e0c-c1ff771e64b7', '2026-04-16T00:54:18.748Z'),
  ('0d9c9c86-32a2-4cda-9551-b37989da580b', 'historical-5a46197606cdf3b8', '2024-06-21', 'Ken Boyle', 'Administration', 'AI - Research', 0.50, 'TiM Metrics.xlsx', 110, '2026-04-16T00:54:18.748Z', '11dd9d76-c5c4-471c-a74b-2d3b6aafe6de', 'e9a2c6c4-b94e-4001-81d3-051fb76ec1a2', 'e4d9d2a7-6a3d-4fca-ab13-84341f9ce8ee', '2026-04-16T00:54:18.748Z'),
  ('69551c73-e04e-4e58-99ea-37c266c61128', 'historical-96a3ed9f71467aac', '2024-06-21', 'Ken Boyle', 'Administration', 'Email - Responding/Creating', 1, 'TiM Metrics.xlsx', 104, '2026-04-16T00:54:18.748Z', '11dd9d76-c5c4-471c-a74b-2d3b6aafe6de', 'e9a2c6c4-b94e-4001-81d3-051fb76ec1a2', '2887fc95-e2dd-4465-b9b1-dcccc296a66a', '2026-04-16T00:54:18.748Z'),
  ('b3d67f70-f0c7-429a-92de-f7cdd7917f84', 'historical-1a018cfed09ff3e9', '2024-06-21', 'Ken Boyle', 'Administration', 'General - Unspecified', 2.50, 'TiM Metrics.xlsx', 108, '2026-04-16T00:54:18.748Z', '11dd9d76-c5c4-471c-a74b-2d3b6aafe6de', 'e9a2c6c4-b94e-4001-81d3-051fb76ec1a2', 'de6c5e78-92d8-4864-b3a3-4925cad8e98b', '2026-04-16T00:54:18.748Z'),
  ('a85efe97-ef16-4fbc-9029-2d79a1c0239a', 'historical-64f1f1d39b37a971', '2024-06-21', 'Ken Boyle', 'Administration', 'Grey Fox - IT Support', 0.25, 'TiM Metrics.xlsx', 107, '2026-04-16T00:54:18.748Z', '11dd9d76-c5c4-471c-a74b-2d3b6aafe6de', 'e9a2c6c4-b94e-4001-81d3-051fb76ec1a2', '0a7a2102-4ef6-40f7-b838-107122523f9e', '2026-04-16T00:54:18.748Z'),
  ('53697d02-97dc-4297-90d9-cb02ad0868c3', 'historical-f9f70fe52e9bfb1c', '2024-06-21', 'Ken Boyle', 'Company', 'Meeting - Attending', 1, 'TiM Metrics.xlsx', 109, '2026-04-16T00:54:18.748Z', '11dd9d76-c5c4-471c-a74b-2d3b6aafe6de', '784152bf-4518-49f0-a606-92802f54fddf', 'e4c0dde4-3325-4966-af7d-fca55844e48f', '2026-04-16T00:54:18.748Z'),
  ('ae37a302-f636-4ee6-8f1d-62a8c1b64939', 'historical-4f39e2c99bad69a2', '2024-06-21', 'Ken Boyle', 'Office', 'Cognito Forms - Creation/Modification', 1.50, 'TiM Metrics.xlsx', 106, '2026-04-16T00:54:18.748Z', '11dd9d76-c5c4-471c-a74b-2d3b6aafe6de', '7b033eba-ee6f-4e48-af5f-cb8bdd8430e3', 'c444efd9-078c-4e18-9afd-25244fadb6db', '2026-04-16T00:54:18.748Z'),
  ('785521c4-1bae-4f42-b25f-e6006a137f15', 'historical-f24aacc7820aedf2', '2024-06-21', 'Ken Boyle', 'Office', 'Training - Preparing/Presenting', 0.75, 'TiM Metrics.xlsx', 105, '2026-04-16T00:54:18.748Z', '11dd9d76-c5c4-471c-a74b-2d3b6aafe6de', '7b033eba-ee6f-4e48-af5f-cb8bdd8430e3', '79b0aefd-1e46-4c1f-b2b2-67edf54235c4', '2026-04-16T00:54:18.748Z'),
  ('536719b2-c5f3-4f0b-827b-17eb166c2365', 'historical-99c4ad27baacfcaa', '2024-06-22', 'Ken Boyle', 'Administration', 'Cognito Forms - Creation/Modification', 0.25, 'TiM Metrics.xlsx', 112, '2026-04-16T00:54:18.748Z', '11dd9d76-c5c4-471c-a74b-2d3b6aafe6de', 'e9a2c6c4-b94e-4001-81d3-051fb76ec1a2', 'c444efd9-078c-4e18-9afd-25244fadb6db', '2026-04-16T00:54:18.748Z'),
  ('764c0a6d-9b7b-4d64-ade1-656106fa527a', 'historical-9dbdd6c90f4b2f5a', '2024-06-22', 'Ken Boyle', 'Administration', 'Email - Responding/Creating', 0.25, 'TiM Metrics.xlsx', 111, '2026-04-16T00:54:18.748Z', '11dd9d76-c5c4-471c-a74b-2d3b6aafe6de', 'e9a2c6c4-b94e-4001-81d3-051fb76ec1a2', '2887fc95-e2dd-4465-b9b1-dcccc296a66a', '2026-04-16T00:54:18.748Z'),
  ('d695eeb6-bd96-4def-9dda-101d1af9bd79', 'historical-5e6f727c7f161b32', '2024-06-24', 'Ken Boyle', 'Administration', 'AI - Research', 0.75, 'TiM Metrics.xlsx', 116, '2026-04-16T00:54:18.748Z', '11dd9d76-c5c4-471c-a74b-2d3b6aafe6de', 'e9a2c6c4-b94e-4001-81d3-051fb76ec1a2', 'e4d9d2a7-6a3d-4fca-ab13-84341f9ce8ee', '2026-04-16T00:54:18.748Z'),
  ('6324c690-b971-41a4-a7dc-0632a687ca50', 'historical-94c888248f53ee95', '2024-06-24', 'Ken Boyle', 'Administration', 'Automation - Creation/Maintenance', 2.50, 'TiM Metrics.xlsx', 115, '2026-04-16T00:54:18.748Z', '11dd9d76-c5c4-471c-a74b-2d3b6aafe6de', 'e9a2c6c4-b94e-4001-81d3-051fb76ec1a2', 'ee319e9c-cb3c-4d1c-8a2e-0c4db1d1ab4c', '2026-04-16T00:54:18.748Z'),
  ('17cf34b2-4b4f-462b-a6cf-a2cfc7643592', 'historical-56c1501bec209876', '2024-06-24', 'Ken Boyle', 'Administration', 'Cognito Forms - Creation/Modification', 1.25, 'TiM Metrics.xlsx', 117, '2026-04-16T00:54:18.748Z', '11dd9d76-c5c4-471c-a74b-2d3b6aafe6de', 'e9a2c6c4-b94e-4001-81d3-051fb76ec1a2', 'c444efd9-078c-4e18-9afd-25244fadb6db', '2026-04-16T00:54:18.748Z'),
  ('3357d781-440d-4d5f-9e30-cc3171f73cd2', 'historical-4b828808ef5f1c80', '2024-06-24', 'Ken Boyle', 'Administration', 'Email - Responding/Creating', 1, 'TiM Metrics.xlsx', 113, '2026-04-16T00:54:18.748Z', '11dd9d76-c5c4-471c-a74b-2d3b6aafe6de', 'e9a2c6c4-b94e-4001-81d3-051fb76ec1a2', '2887fc95-e2dd-4465-b9b1-dcccc296a66a', '2026-04-16T00:54:18.748Z'),
  ('eeef8f06-1d30-44d5-b5a4-8b923ee74bd6', 'historical-d297db73b0a7302e', '2024-06-24', 'Ken Boyle', 'Business Development', 'Project - Preparation', 2, 'TiM Metrics.xlsx', 114, '2026-04-16T00:54:18.748Z', '11dd9d76-c5c4-471c-a74b-2d3b6aafe6de', 'fbfdbc8e-f6ea-431f-b81f-5f4500c81e8a', 'fb018b64-fe21-415d-a646-e5affc70dba1', '2026-04-16T00:54:18.748Z'),
  ('d0688635-6947-435b-8018-82b501874b55', 'historical-4d8f2890f013b521', '2024-06-24', 'Ken Boyle', 'Office', 'Training - Preparing/Presenting', 0.25, 'TiM Metrics.xlsx', 118, '2026-04-16T00:54:18.748Z', '11dd9d76-c5c4-471c-a74b-2d3b6aafe6de', '7b033eba-ee6f-4e48-af5f-cb8bdd8430e3', '79b0aefd-1e46-4c1f-b2b2-67edf54235c4', '2026-04-16T00:54:18.748Z'),
  ('1f8b694e-5a70-4200-8de6-64e703833169', 'historical-1b03bd9b0c902988', '2024-06-25', 'Ken Boyle', 'Administration', 'AI - Research', 1, 'TiM Metrics.xlsx', 122, '2026-04-16T00:54:18.748Z', '11dd9d76-c5c4-471c-a74b-2d3b6aafe6de', 'e9a2c6c4-b94e-4001-81d3-051fb76ec1a2', 'e4d9d2a7-6a3d-4fca-ab13-84341f9ce8ee', '2026-04-16T00:54:18.748Z'),
  ('9ff309ba-43b6-4b3c-9e36-01fab5a55a27', 'historical-2deaaf1989e3a6bd', '2024-06-25', 'Ken Boyle', 'Administration', 'Email - Responding/Creating', 1.50, 'TiM Metrics.xlsx', 119, '2026-04-16T00:54:18.748Z', '11dd9d76-c5c4-471c-a74b-2d3b6aafe6de', 'e9a2c6c4-b94e-4001-81d3-051fb76ec1a2', '2887fc95-e2dd-4465-b9b1-dcccc296a66a', '2026-04-16T00:54:18.748Z'),
  ('9b0ab539-d134-4874-b53f-8fc5fa111b3e', 'historical-01dff14c76ae5100', '2024-06-25', 'Ken Boyle', 'Office', 'Grey Fox - IT Support', 5.50, 'TiM Metrics.xlsx', 120, '2026-04-16T00:54:18.748Z', '11dd9d76-c5c4-471c-a74b-2d3b6aafe6de', '7b033eba-ee6f-4e48-af5f-cb8bdd8430e3', '0a7a2102-4ef6-40f7-b838-107122523f9e', '2026-04-16T00:54:18.748Z'),
  ('afa35fde-a13a-4a68-892f-4e9ede2c265a', 'historical-01f964a6b3c0ff32', '2024-06-25', 'Ken Boyle', 'Office', 'Training - Preparing/Presenting', 0.50, 'TiM Metrics.xlsx', 121, '2026-04-16T00:54:18.748Z', '11dd9d76-c5c4-471c-a74b-2d3b6aafe6de', '7b033eba-ee6f-4e48-af5f-cb8bdd8430e3', '79b0aefd-1e46-4c1f-b2b2-67edf54235c4', '2026-04-16T00:54:18.748Z'),
  ('689cfecb-3fbc-41b3-a446-692e7f19d1e7', 'historical-f8f965c599612e1a', '2024-06-26', 'Ken Boyle', 'Administration', 'Email - Responding/Creating', 1, 'TiM Metrics.xlsx', 123, '2026-04-16T00:54:18.748Z', '11dd9d76-c5c4-471c-a74b-2d3b6aafe6de', 'e9a2c6c4-b94e-4001-81d3-051fb76ec1a2', '2887fc95-e2dd-4465-b9b1-dcccc296a66a', '2026-04-16T00:54:18.748Z'),
  ('a0ecce6a-b592-4b07-acf9-32235dddc8cc', 'historical-d78e2a00656e68c4', '2024-06-26', 'Ken Boyle', 'Administration', 'Grey Fox - IT Support', 4.50, 'TiM Metrics.xlsx', 124, '2026-04-16T00:54:18.748Z', '11dd9d76-c5c4-471c-a74b-2d3b6aafe6de', 'e9a2c6c4-b94e-4001-81d3-051fb76ec1a2', '0a7a2102-4ef6-40f7-b838-107122523f9e', '2026-04-16T00:54:18.748Z'),
  ('32413d32-20ef-4671-b642-d810f04488f9', 'historical-5bd28c5a960309e7', '2024-06-26', 'Ken Boyle', 'Office', 'Training - Preparing/Presenting', 2, 'TiM Metrics.xlsx', 125, '2026-04-16T00:54:18.748Z', '11dd9d76-c5c4-471c-a74b-2d3b6aafe6de', '7b033eba-ee6f-4e48-af5f-cb8bdd8430e3', '79b0aefd-1e46-4c1f-b2b2-67edf54235c4', '2026-04-16T00:54:18.748Z'),
  ('6bd46d85-aff3-4cf7-9a37-bb94c9485b9f', 'historical-92d81b3d654cad02', '2024-06-27', 'Ken Boyle', 'Administration', 'Email - Responding/Creating', 2, 'TiM Metrics.xlsx', 126, '2026-04-16T00:54:18.748Z', '11dd9d76-c5c4-471c-a74b-2d3b6aafe6de', 'e9a2c6c4-b94e-4001-81d3-051fb76ec1a2', '2887fc95-e2dd-4465-b9b1-dcccc296a66a', '2026-04-16T00:54:18.748Z'),
  ('2012f30e-d4ea-47f2-8544-13444137234f', 'historical-03c54cca0a6a2ad9', '2024-06-27', 'Ken Boyle', 'Administration', 'General - Unspecified', 0.50, 'TiM Metrics.xlsx', 128, '2026-04-16T00:54:18.748Z', '11dd9d76-c5c4-471c-a74b-2d3b6aafe6de', 'e9a2c6c4-b94e-4001-81d3-051fb76ec1a2', 'de6c5e78-92d8-4864-b3a3-4925cad8e98b', '2026-04-16T00:54:18.748Z'),
  ('8e98d77d-9821-4c6c-a023-7710cde52b3d', 'historical-f601bae9854509c6', '2024-06-27', 'Ken Boyle', 'Office', 'Meeting - Preparing/Presenting', 2, 'TiM Metrics.xlsx', 127, '2026-04-16T00:54:18.748Z', '11dd9d76-c5c4-471c-a74b-2d3b6aafe6de', '7b033eba-ee6f-4e48-af5f-cb8bdd8430e3', 'dacbb7ab-05df-4849-a292-a9e42be09e09', '2026-04-16T00:54:18.748Z'),
  ('4fab0c3e-525b-4125-84e2-e791e6fb9377', 'historical-e2e31f857f0764b7', '2024-06-27', 'Ken Boyle', 'Sales', 'Cognito Forms - Creation/Modification', 2, 'TiM Metrics.xlsx', 130, '2026-04-16T00:54:18.748Z', '11dd9d76-c5c4-471c-a74b-2d3b6aafe6de', 'f5e7b844-86c1-44b9-8743-743e4c526680', 'c444efd9-078c-4e18-9afd-25244fadb6db', '2026-04-16T00:54:18.748Z'),
  ('e298d149-755e-49b2-8688-dcc2cd6e8fcb', 'historical-ee98eefe9f007755', '2024-06-27', 'Ken Boyle', 'Sales', 'New Product Appraisal', 2, 'TiM Metrics.xlsx', 129, '2026-04-16T00:54:18.748Z', '11dd9d76-c5c4-471c-a74b-2d3b6aafe6de', 'f5e7b844-86c1-44b9-8743-743e4c526680', 'cca23e8c-bf28-449f-9633-bf82e687ed06', '2026-04-16T00:54:18.748Z'),
  ('81d1cd20-baaf-4f18-9c31-6d867337cc38', 'historical-e0a0ca56104edd6b', '2024-06-28', 'Ken Boyle', 'Administration', 'Email - Responding/Creating', 1, 'TiM Metrics.xlsx', 132, '2026-04-16T00:54:18.748Z', '11dd9d76-c5c4-471c-a74b-2d3b6aafe6de', 'e9a2c6c4-b94e-4001-81d3-051fb76ec1a2', '2887fc95-e2dd-4465-b9b1-dcccc296a66a', '2026-04-16T00:54:18.748Z'),
  ('4e4bccf9-c076-4fed-a2ed-5ce6f901b6fc', 'historical-089f9cd1585cd14c', '2024-06-28', 'Ken Boyle', 'Administration', 'IT - Support', 0.75, 'TiM Metrics.xlsx', 135, '2026-04-16T00:54:18.748Z', '11dd9d76-c5c4-471c-a74b-2d3b6aafe6de', 'e9a2c6c4-b94e-4001-81d3-051fb76ec1a2', 'da828189-0123-41ae-8e0c-c1ff771e64b7', '2026-04-16T00:54:18.748Z'),
  ('89442df6-8430-4c43-ad54-9a4b16750b60', 'historical-e608ccd7e04dba54', '2024-06-28', 'Ken Boyle', 'Office', 'Grey Fox - IT Support', 1.50, 'TiM Metrics.xlsx', 133, '2026-04-16T00:54:18.748Z', '11dd9d76-c5c4-471c-a74b-2d3b6aafe6de', '7b033eba-ee6f-4e48-af5f-cb8bdd8430e3', '0a7a2102-4ef6-40f7-b838-107122523f9e', '2026-04-16T00:54:18.748Z'),
  ('45a8378c-40e9-4bba-bda5-241093c48c9f', 'historical-f890e634abe7e69f', '2024-06-28', 'Ken Boyle', 'Office', 'Social Activities', 2.50, 'TiM Metrics.xlsx', 131, '2026-04-16T00:54:18.748Z', '11dd9d76-c5c4-471c-a74b-2d3b6aafe6de', '7b033eba-ee6f-4e48-af5f-cb8bdd8430e3', 'db15f8f0-5be8-495e-8680-f7a04f4f5a5e', '2026-04-16T00:54:18.748Z'),
  ('f9c11797-93c1-4bf8-85b0-09c0b15cd466', 'historical-eb07febbcb807302', '2024-06-28', 'Ken Boyle', 'Office', 'Training - Preparing/Presenting', 2, 'TiM Metrics.xlsx', 134, '2026-04-16T00:54:18.748Z', '11dd9d76-c5c4-471c-a74b-2d3b6aafe6de', '7b033eba-ee6f-4e48-af5f-cb8bdd8430e3', '79b0aefd-1e46-4c1f-b2b2-67edf54235c4', '2026-04-16T00:54:18.748Z'),
  ('4ad5db53-0413-4b67-aab0-4021e21bbc8a', 'historical-96b18547e3e31198', '2024-06-29', 'Ken Boyle', 'Administration', 'IT - Support', 0.75, 'TiM Metrics.xlsx', 136, '2026-04-16T00:54:18.748Z', '11dd9d76-c5c4-471c-a74b-2d3b6aafe6de', 'e9a2c6c4-b94e-4001-81d3-051fb76ec1a2', 'da828189-0123-41ae-8e0c-c1ff771e64b7', '2026-04-16T00:54:18.748Z'),
  ('f755c20e-f729-499c-9ab2-86d213ec648e', 'historical-43bc20273a465394', '2024-07-01', 'Ken Boyle', 'Administration', 'AI - Research', 2, 'TiM Metrics.xlsx', 142, '2026-04-16T00:54:18.748Z', '11dd9d76-c5c4-471c-a74b-2d3b6aafe6de', 'e9a2c6c4-b94e-4001-81d3-051fb76ec1a2', 'e4d9d2a7-6a3d-4fca-ab13-84341f9ce8ee', '2026-04-16T00:54:18.748Z'),
  ('0fd88111-c958-4bdd-8237-d103b6143e36', 'historical-3e19851801e5b806', '2024-07-01', 'Ken Boyle', 'Administration', 'Email - Responding/Creating', 1, 'TiM Metrics.xlsx', 138, '2026-04-16T00:54:18.748Z', '11dd9d76-c5c4-471c-a74b-2d3b6aafe6de', 'e9a2c6c4-b94e-4001-81d3-051fb76ec1a2', '2887fc95-e2dd-4465-b9b1-dcccc296a66a', '2026-04-16T00:54:18.748Z'),
  ('394e0f22-9ffe-44ea-842e-4960eeb633b2', 'historical-70f03bb698c05d6c', '2024-07-01', 'Ken Boyle', 'Administration', 'General - Unspecified', 2, 'TiM Metrics.xlsx', 141, '2026-04-16T00:54:18.748Z', '11dd9d76-c5c4-471c-a74b-2d3b6aafe6de', 'e9a2c6c4-b94e-4001-81d3-051fb76ec1a2', 'de6c5e78-92d8-4864-b3a3-4925cad8e98b', '2026-04-16T00:54:18.748Z'),
  ('adabb8c2-d1da-4125-a138-95a91c1ef56a', 'historical-c5b9be6f3773a186', '2024-07-01', 'Ken Boyle', 'Office', 'Grey Fox - IT Support', 2.50, 'TiM Metrics.xlsx', 139, '2026-04-16T00:54:18.748Z', '11dd9d76-c5c4-471c-a74b-2d3b6aafe6de', '7b033eba-ee6f-4e48-af5f-cb8bdd8430e3', '0a7a2102-4ef6-40f7-b838-107122523f9e', '2026-04-16T00:54:18.748Z'),
  ('1c78d366-12d2-44cf-8927-fecaa3d7a17b', 'historical-a01f4909929fabbc', '2024-07-01', 'Ken Boyle', 'Office', 'Social Activities', 0.25, 'TiM Metrics.xlsx', 140, '2026-04-16T00:54:18.748Z', '11dd9d76-c5c4-471c-a74b-2d3b6aafe6de', '7b033eba-ee6f-4e48-af5f-cb8bdd8430e3', 'db15f8f0-5be8-495e-8680-f7a04f4f5a5e', '2026-04-16T00:54:18.748Z'),
  ('dbc85cdc-c4fe-4f61-b93b-69cc16f20db4', 'historical-ed8b1a655e4b2df0', '2024-07-01', 'Ken Boyle', 'Sales', 'Cognito Forms - Creation/Modification', 0.50, 'TiM Metrics.xlsx', 137, '2026-04-16T00:54:18.748Z', '11dd9d76-c5c4-471c-a74b-2d3b6aafe6de', 'f5e7b844-86c1-44b9-8743-743e4c526680', 'c444efd9-078c-4e18-9afd-25244fadb6db', '2026-04-16T00:54:18.748Z'),
  ('f01aa84d-6811-4565-b0ce-c368760b78f7', 'historical-c33ebab33b47bb23', '2024-07-02', 'Ken Boyle', 'Administration', 'Email - Responding/Creating', 1, 'TiM Metrics.xlsx', 143, '2026-04-16T00:54:18.748Z', '11dd9d76-c5c4-471c-a74b-2d3b6aafe6de', 'e9a2c6c4-b94e-4001-81d3-051fb76ec1a2', '2887fc95-e2dd-4465-b9b1-dcccc296a66a', '2026-04-16T00:54:18.748Z'),
  ('cca5474e-5ce5-4cc3-bd75-57301ecff107', 'historical-25410646899c8ff5', '2024-07-02', 'Ken Boyle', 'Administration', 'General - Unspecified', 0.75, 'TiM Metrics.xlsx', 147, '2026-04-16T00:54:18.748Z', '11dd9d76-c5c4-471c-a74b-2d3b6aafe6de', 'e9a2c6c4-b94e-4001-81d3-051fb76ec1a2', 'de6c5e78-92d8-4864-b3a3-4925cad8e98b', '2026-04-16T00:54:18.748Z'),
  ('50045316-9895-461f-be58-79e2298a8b54', 'historical-841c58fbe727a405', '2024-07-02', 'Ken Boyle', 'Company', 'Project - Preparation', 4.25, 'TiM Metrics.xlsx', 145, '2026-04-16T00:54:18.748Z', '11dd9d76-c5c4-471c-a74b-2d3b6aafe6de', '784152bf-4518-49f0-a606-92802f54fddf', 'fb018b64-fe21-415d-a646-e5affc70dba1', '2026-04-16T00:54:18.748Z'),
  ('c734c08e-3080-4e41-8e2c-c903d1be2a7c', 'historical-117df1f842daae22', '2024-07-02', 'Ken Boyle', 'Office', 'Grey Fox - IT Support', 2.50, 'TiM Metrics.xlsx', 146, '2026-04-16T00:54:18.748Z', '11dd9d76-c5c4-471c-a74b-2d3b6aafe6de', '7b033eba-ee6f-4e48-af5f-cb8bdd8430e3', '0a7a2102-4ef6-40f7-b838-107122523f9e', '2026-04-16T00:54:18.748Z'),
  ('fa96fc7c-e5ab-467b-b394-b428b6d25653', 'historical-b1b5f2a22ac741f4', '2024-07-02', 'Ken Boyle', 'Office', 'IT - Support', 0.25, 'TiM Metrics.xlsx', 144, '2026-04-16T00:54:18.748Z', '11dd9d76-c5c4-471c-a74b-2d3b6aafe6de', '7b033eba-ee6f-4e48-af5f-cb8bdd8430e3', 'da828189-0123-41ae-8e0c-c1ff771e64b7', '2026-04-16T00:54:18.748Z'),
  ('7ea2288e-0235-4a6d-8369-a56d92737dbd', 'historical-678863d77ba9772c', '2024-07-03', 'Ken Boyle', 'Administration', 'IT - Support', 8.50, 'TiM Metrics.xlsx', 148, '2026-04-16T00:54:18.748Z', '11dd9d76-c5c4-471c-a74b-2d3b6aafe6de', 'e9a2c6c4-b94e-4001-81d3-051fb76ec1a2', 'da828189-0123-41ae-8e0c-c1ff771e64b7', '2026-04-16T00:54:18.748Z'),
  ('932ecf8e-b12b-4575-91fe-265f417e9c5a', 'historical-06dd106ad1aedcb9', '2024-07-03', 'Ken Boyle', 'Office', 'Grey Fox - IT Support', 0.25, 'TiM Metrics.xlsx', 150, '2026-04-16T00:54:18.748Z', '11dd9d76-c5c4-471c-a74b-2d3b6aafe6de', '7b033eba-ee6f-4e48-af5f-cb8bdd8430e3', '0a7a2102-4ef6-40f7-b838-107122523f9e', '2026-04-16T00:54:18.748Z'),
  ('530bcc28-7a73-4271-8fbb-544c804542d8', 'historical-2e7875522c801df4', '2024-07-03', 'Ken Boyle', 'Office', 'Project - Preparation', 8, 'TiM Metrics.xlsx', 149, '2026-04-16T00:54:18.748Z', '11dd9d76-c5c4-471c-a74b-2d3b6aafe6de', '7b033eba-ee6f-4e48-af5f-cb8bdd8430e3', 'fb018b64-fe21-415d-a646-e5affc70dba1', '2026-04-16T00:54:18.748Z'),
  ('eabb0a9a-b156-4f59-89d1-1e2cbbbd9f9a', 'historical-6a04b24befe87990', '2024-07-04', 'Ken Boyle', 'Administration', 'General - Unspecified', 8, 'TiM Metrics.xlsx', 151, '2026-04-16T00:54:18.748Z', '11dd9d76-c5c4-471c-a74b-2d3b6aafe6de', 'e9a2c6c4-b94e-4001-81d3-051fb76ec1a2', 'de6c5e78-92d8-4864-b3a3-4925cad8e98b', '2026-04-16T00:54:18.748Z'),
  ('cda60cdb-9ced-479d-a734-725e07fae22a', 'historical-4fc04722f4c43c3d', '2024-07-05', 'Ken Boyle', 'Accounts', 'IT - Support', 1, 'TiM Metrics.xlsx', 153, '2026-04-16T00:54:18.748Z', '11dd9d76-c5c4-471c-a74b-2d3b6aafe6de', 'b2745aae-3720-4d94-94d9-7f834737f943', 'da828189-0123-41ae-8e0c-c1ff771e64b7', '2026-04-16T00:54:18.748Z'),
  ('3fb44212-bab8-45cb-b3ac-cdce0b5a1901', 'historical-647e3eb177e32786', '2024-07-05', 'Ken Boyle', 'Administration', 'AI - Research', 0.50, 'TiM Metrics.xlsx', 155, '2026-04-16T00:54:18.748Z', '11dd9d76-c5c4-471c-a74b-2d3b6aafe6de', 'e9a2c6c4-b94e-4001-81d3-051fb76ec1a2', 'e4d9d2a7-6a3d-4fca-ab13-84341f9ce8ee', '2026-04-16T00:54:18.748Z'),
  ('596b040f-0d31-46b3-bca4-7478b0a395f5', 'historical-a7d473a5284b0c76', '2024-07-05', 'Ken Boyle', 'Administration', 'Email - Responding/Creating', 0.75, 'TiM Metrics.xlsx', 152, '2026-04-16T00:54:18.748Z', '11dd9d76-c5c4-471c-a74b-2d3b6aafe6de', 'e9a2c6c4-b94e-4001-81d3-051fb76ec1a2', '2887fc95-e2dd-4465-b9b1-dcccc296a66a', '2026-04-16T00:54:18.748Z'),
  ('4df800b0-7431-4ad1-acd7-bf044fe3d321', 'historical-f0cd9d2645304dea', '2024-07-05', 'Ken Boyle', 'Administration', 'General - Unspecified', 2, 'TiM Metrics.xlsx', 156, '2026-04-16T00:54:18.748Z', '11dd9d76-c5c4-471c-a74b-2d3b6aafe6de', 'e9a2c6c4-b94e-4001-81d3-051fb76ec1a2', 'de6c5e78-92d8-4864-b3a3-4925cad8e98b', '2026-04-16T00:54:18.748Z'),
  ('71ebe792-c37d-4b85-bbc8-5259b225ba98', 'historical-7699266b6598a598', '2024-07-05', 'Ken Boyle', 'Office', 'Project - Preparation', 4.50, 'TiM Metrics.xlsx', 154, '2026-04-16T00:54:18.748Z', '11dd9d76-c5c4-471c-a74b-2d3b6aafe6de', '7b033eba-ee6f-4e48-af5f-cb8bdd8430e3', 'fb018b64-fe21-415d-a646-e5affc70dba1', '2026-04-16T00:54:18.748Z'),
  ('348a672a-d540-4fa3-b426-4d3e0a513b76', 'historical-d9abd03bd5806978', '2024-07-06', 'Ken Boyle', 'Office', 'Project - Preparation', 1, 'TiM Metrics.xlsx', 157, '2026-04-16T00:54:18.748Z', '11dd9d76-c5c4-471c-a74b-2d3b6aafe6de', '7b033eba-ee6f-4e48-af5f-cb8bdd8430e3', 'fb018b64-fe21-415d-a646-e5affc70dba1', '2026-04-16T00:54:18.748Z'),
  ('a94d57e1-4815-4137-ae83-c076f150b70b', 'historical-eac68f46c4c90220', '2024-07-08', 'Ken Boyle', 'Administration', 'Email - Responding/Creating', 1, 'TiM Metrics.xlsx', 158, '2026-04-16T00:54:18.748Z', '11dd9d76-c5c4-471c-a74b-2d3b6aafe6de', 'e9a2c6c4-b94e-4001-81d3-051fb76ec1a2', '2887fc95-e2dd-4465-b9b1-dcccc296a66a', '2026-04-16T00:54:18.748Z'),
  ('94de6534-5f19-42be-b750-b61d87393b96', 'historical-90e4980a3416e196', '2024-07-08', 'Ken Boyle', 'Company', 'Web Site - Maintenance', 1, 'TiM Metrics.xlsx', 162, '2026-04-16T00:54:18.748Z', '11dd9d76-c5c4-471c-a74b-2d3b6aafe6de', '784152bf-4518-49f0-a606-92802f54fddf', 'aece493f-2480-4ea9-9613-6b1f96d045e1', '2026-04-16T00:54:18.748Z'),
  ('479993d4-c4c8-4885-85ef-83df1c726234', 'historical-032636d14fee3456', '2024-07-08', 'Ken Boyle', 'Office', 'Grey Fox - IT Support', 0.50, 'TiM Metrics.xlsx', 159, '2026-04-16T00:54:18.748Z', '11dd9d76-c5c4-471c-a74b-2d3b6aafe6de', '7b033eba-ee6f-4e48-af5f-cb8bdd8430e3', '0a7a2102-4ef6-40f7-b838-107122523f9e', '2026-04-16T00:54:18.748Z'),
  ('924487ab-0f59-41dd-8977-92273414c077', 'historical-a55b1d86d662d355', '2024-07-08', 'Ken Boyle', 'Office', 'Project - Preparation', 5, 'TiM Metrics.xlsx', 161, '2026-04-16T00:54:18.748Z', '11dd9d76-c5c4-471c-a74b-2d3b6aafe6de', '7b033eba-ee6f-4e48-af5f-cb8bdd8430e3', 'fb018b64-fe21-415d-a646-e5affc70dba1', '2026-04-16T00:54:18.748Z'),
  ('c36421ef-17ea-4773-a5ef-8178fa577748', 'historical-2e1d875fe062c661', '2024-07-08', 'Ken Boyle', 'Property Management', 'IT - Support', 0.50, 'TiM Metrics.xlsx', 160, '2026-04-16T00:54:18.748Z', '11dd9d76-c5c4-471c-a74b-2d3b6aafe6de', '0143eff8-9844-44ea-b4d5-f4e277c78bb9', 'da828189-0123-41ae-8e0c-c1ff771e64b7', '2026-04-16T00:54:18.748Z'),
  ('0277cc9e-2b9f-4c4b-a19a-9e89443236ac', 'historical-c10a4da2444e21c7', '2024-07-09', 'Ken Boyle', 'Administration', 'Cognito Forms - Creation/Modification', 1.25, 'TiM Metrics.xlsx', 163, '2026-04-16T00:54:18.748Z', '11dd9d76-c5c4-471c-a74b-2d3b6aafe6de', 'e9a2c6c4-b94e-4001-81d3-051fb76ec1a2', 'c444efd9-078c-4e18-9afd-25244fadb6db', '2026-04-16T00:54:18.748Z'),
  ('9b0cc318-3c2e-4776-91fb-994129006fff', 'historical-010acb14946ec380', '2024-07-09', 'Ken Boyle', 'Administration', 'Email - Responding/Creating', 1, 'TiM Metrics.xlsx', 164, '2026-04-16T00:54:18.748Z', '11dd9d76-c5c4-471c-a74b-2d3b6aafe6de', 'e9a2c6c4-b94e-4001-81d3-051fb76ec1a2', '2887fc95-e2dd-4465-b9b1-dcccc296a66a', '2026-04-16T00:54:18.748Z'),
  ('29d6730d-2b67-42e9-bcd3-a88fdd8b94b1', 'historical-fc265967b92b2952', '2024-07-09', 'Ken Boyle', 'Administration', 'Project - Implementation', 1, 'TiM Metrics.xlsx', 165, '2026-04-16T00:54:18.748Z', '11dd9d76-c5c4-471c-a74b-2d3b6aafe6de', 'e9a2c6c4-b94e-4001-81d3-051fb76ec1a2', 'fcd1f9af-5763-498b-bb04-ea193c1e6305', '2026-04-16T00:54:18.748Z'),
  ('0e1959f9-5a8a-4644-9915-a49dfea4b8ad', 'historical-763deee0d30658ab', '2024-07-09', 'Ken Boyle', 'Sales', 'Lead Generation', 3, 'TiM Metrics.xlsx', 166, '2026-04-16T00:54:18.748Z', '11dd9d76-c5c4-471c-a74b-2d3b6aafe6de', 'f5e7b844-86c1-44b9-8743-743e4c526680', 'd68103c7-16ff-473d-9ec0-857bdddc41af', '2026-04-16T00:54:18.748Z'),
  ('154aea09-5eec-4f5b-8758-040edbd96251', 'historical-9e8aac9860f08b29', '2024-07-09', 'Ken Boyle', 'Sales', 'Vault Maintenance', 2, 'TiM Metrics.xlsx', 167, '2026-04-16T00:54:18.748Z', '11dd9d76-c5c4-471c-a74b-2d3b6aafe6de', 'f5e7b844-86c1-44b9-8743-743e4c526680', '2a968680-5a85-4775-8083-05370ecf7171', '2026-04-16T00:54:18.748Z'),
  ('cf5b54f5-9a7f-4b3d-b620-ac5a15e02f9b', 'historical-f0bd1f6e2aba29a7', '2024-07-10', 'Ken Boyle', 'Administration', 'Cognito Forms - Creation/Modification', 0.25, 'TiM Metrics.xlsx', 169, '2026-04-16T00:54:18.748Z', '11dd9d76-c5c4-471c-a74b-2d3b6aafe6de', 'e9a2c6c4-b94e-4001-81d3-051fb76ec1a2', 'c444efd9-078c-4e18-9afd-25244fadb6db', '2026-04-16T00:54:18.748Z'),
  ('c3cbd0a3-5b0d-4685-bd17-bd3521991fc4', 'historical-132730b13bde9790', '2024-07-10', 'Ken Boyle', 'Administration', 'Email - Responding/Creating', 1.50, 'TiM Metrics.xlsx', 168, '2026-04-16T00:54:18.748Z', '11dd9d76-c5c4-471c-a74b-2d3b6aafe6de', 'e9a2c6c4-b94e-4001-81d3-051fb76ec1a2', '2887fc95-e2dd-4465-b9b1-dcccc296a66a', '2026-04-16T00:54:18.748Z'),
  ('8d388585-255f-4ab8-93c4-37a45cd6d52f', 'historical-8fd4f3724e01d5cf', '2024-07-10', 'Ken Boyle', 'Administration', 'General - Unspecified', 3.50, 'TiM Metrics.xlsx', 170, '2026-04-16T00:54:18.748Z', '11dd9d76-c5c4-471c-a74b-2d3b6aafe6de', 'e9a2c6c4-b94e-4001-81d3-051fb76ec1a2', 'de6c5e78-92d8-4864-b3a3-4925cad8e98b', '2026-04-16T00:54:18.748Z'),
  ('5d13336e-e4cb-4e16-ae05-abefce260be7', 'historical-c330104eff8477cb', '2024-07-10', 'Ken Boyle', 'Administration', 'Project - Preparation', 1.50, 'TiM Metrics.xlsx', 172, '2026-04-16T00:54:18.748Z', '11dd9d76-c5c4-471c-a74b-2d3b6aafe6de', 'e9a2c6c4-b94e-4001-81d3-051fb76ec1a2', 'fb018b64-fe21-415d-a646-e5affc70dba1', '2026-04-16T00:54:18.748Z'),
  ('30ada65d-c184-4702-9861-f3adeaf5bee5', 'historical-a6715cac1d196947', '2024-07-10', 'Ken Boyle', 'Office', 'Grey Fox - IT Support', 1.50, 'TiM Metrics.xlsx', 171, '2026-04-16T00:54:18.748Z', '11dd9d76-c5c4-471c-a74b-2d3b6aafe6de', '7b033eba-ee6f-4e48-af5f-cb8bdd8430e3', '0a7a2102-4ef6-40f7-b838-107122523f9e', '2026-04-16T00:54:18.748Z'),
  ('844f5038-3e30-4cd3-b304-60288ae0bfaf', 'historical-8d5046b76200c831', '2024-07-11', 'Ken Boyle', 'Administration', 'Cognito Forms - Creation/Modification', 6, 'TiM Metrics.xlsx', 174, '2026-04-16T00:54:18.748Z', '11dd9d76-c5c4-471c-a74b-2d3b6aafe6de', 'e9a2c6c4-b94e-4001-81d3-051fb76ec1a2', 'c444efd9-078c-4e18-9afd-25244fadb6db', '2026-04-16T00:54:18.748Z'),
  ('d3d07833-6d04-49f9-9ecb-9622976e0862', 'historical-c798616d636e605c', '2024-07-11', 'Ken Boyle', 'Administration', 'Email - Responding/Creating', 1.25, 'TiM Metrics.xlsx', 173, '2026-04-16T00:54:18.748Z', '11dd9d76-c5c4-471c-a74b-2d3b6aafe6de', 'e9a2c6c4-b94e-4001-81d3-051fb76ec1a2', '2887fc95-e2dd-4465-b9b1-dcccc296a66a', '2026-04-16T00:54:18.748Z'),
  ('3fc79eb4-630d-4d37-8ed7-8ea4e02811dd', 'historical-7954b91d64c6494c', '2024-07-11', 'Ken Boyle', 'Office', 'Grey Fox - IT Support', 1.50, 'TiM Metrics.xlsx', 175, '2026-04-16T00:54:18.748Z', '11dd9d76-c5c4-471c-a74b-2d3b6aafe6de', '7b033eba-ee6f-4e48-af5f-cb8bdd8430e3', '0a7a2102-4ef6-40f7-b838-107122523f9e', '2026-04-16T00:54:18.748Z'),
  ('1bc746f4-1667-42c4-9147-09129b6d468c', 'historical-4200e2f7e75c8ef0', '2024-07-12', 'Ken Boyle', 'Administration', 'AI - Research', 0.50, 'TiM Metrics.xlsx', 179, '2026-04-16T00:54:18.748Z', '11dd9d76-c5c4-471c-a74b-2d3b6aafe6de', 'e9a2c6c4-b94e-4001-81d3-051fb76ec1a2', 'e4d9d2a7-6a3d-4fca-ab13-84341f9ce8ee', '2026-04-16T00:54:18.748Z'),
  ('8aa2f4ac-053c-4909-9797-3aadb2c2f11c', 'historical-e571cf8129d4e104', '2024-07-12', 'Ken Boyle', 'Administration', 'Email - Responding/Creating', 0.50, 'TiM Metrics.xlsx', 178, '2026-04-16T00:54:18.748Z', '11dd9d76-c5c4-471c-a74b-2d3b6aafe6de', 'e9a2c6c4-b94e-4001-81d3-051fb76ec1a2', '2887fc95-e2dd-4465-b9b1-dcccc296a66a', '2026-04-16T00:54:18.748Z'),
  ('2c536939-1880-4632-87a4-38c53e08f34c', 'historical-9f04f0feb28977a9', '2024-07-12', 'Ken Boyle', 'Office', 'Cognito Forms - Creation/Modification', 4.50, 'TiM Metrics.xlsx', 180, '2026-04-16T00:54:18.748Z', '11dd9d76-c5c4-471c-a74b-2d3b6aafe6de', '7b033eba-ee6f-4e48-af5f-cb8bdd8430e3', 'c444efd9-078c-4e18-9afd-25244fadb6db', '2026-04-16T00:54:18.748Z'),
  ('b6975c4f-a7c6-41b1-9bee-6c8f179ab0d3', 'historical-0d779ae9eeecbd4c', '2024-07-12', 'Ken Boyle', 'Office', 'Infrastructure - Equipment, Cabling, etc.', 1, 'TiM Metrics.xlsx', 176, '2026-04-16T00:54:18.748Z', '11dd9d76-c5c4-471c-a74b-2d3b6aafe6de', '7b033eba-ee6f-4e48-af5f-cb8bdd8430e3', '1474c4fb-5aee-4b66-9285-6613b1b98363', '2026-04-16T00:54:18.748Z'),
  ('957e7901-3f22-4c0c-9694-305a35ae82b0', 'historical-e04a9c2f55ae1e5b', '2024-07-12', 'Ken Boyle', 'Office', 'IT - Support', 1, 'TiM Metrics.xlsx', 177, '2026-04-16T00:54:18.748Z', '11dd9d76-c5c4-471c-a74b-2d3b6aafe6de', '7b033eba-ee6f-4e48-af5f-cb8bdd8430e3', 'da828189-0123-41ae-8e0c-c1ff771e64b7', '2026-04-16T00:54:18.748Z'),
  ('88eb995e-f065-4130-9a30-277597affbef', 'historical-00bd775eda991ad4', '2024-07-15', 'Ken Boyle', 'Administration', 'Cognito Forms - Creation/Modification', 0.25, 'TiM Metrics.xlsx', 183, '2026-04-16T00:54:18.748Z', '11dd9d76-c5c4-471c-a74b-2d3b6aafe6de', 'e9a2c6c4-b94e-4001-81d3-051fb76ec1a2', 'c444efd9-078c-4e18-9afd-25244fadb6db', '2026-04-16T00:54:18.748Z'),
  ('41c34d22-8dbd-458c-abdc-29e85ecc2169', 'historical-26e6ba9c7f7da0dc', '2024-07-15', 'Ken Boyle', 'Administration', 'Email - Responding/Creating', 1, 'TiM Metrics.xlsx', 182, '2026-04-16T00:54:18.748Z', '11dd9d76-c5c4-471c-a74b-2d3b6aafe6de', 'e9a2c6c4-b94e-4001-81d3-051fb76ec1a2', '2887fc95-e2dd-4465-b9b1-dcccc296a66a', '2026-04-16T00:54:18.748Z'),
  ('fdc3295d-f941-4ef3-81dc-f93c4b8a6483', 'historical-741faec7107edc72', '2024-07-15', 'Ken Boyle', 'Administration', 'General - Unspecified', 2.25, 'TiM Metrics.xlsx', 181, '2026-04-16T00:54:18.748Z', '11dd9d76-c5c4-471c-a74b-2d3b6aafe6de', 'e9a2c6c4-b94e-4001-81d3-051fb76ec1a2', 'de6c5e78-92d8-4864-b3a3-4925cad8e98b', '2026-04-16T00:54:18.748Z'),
  ('89668614-76e0-4891-8816-66f51ad9abc9', 'historical-a82786defaec43ee', '2024-07-15', 'Ken Boyle', 'Office', 'Grey Fox - IT Support', 0.50, 'TiM Metrics.xlsx', 185, '2026-04-16T00:54:18.748Z', '11dd9d76-c5c4-471c-a74b-2d3b6aafe6de', '7b033eba-ee6f-4e48-af5f-cb8bdd8430e3', '0a7a2102-4ef6-40f7-b838-107122523f9e', '2026-04-16T00:54:18.748Z'),
  ('6e2722a0-bcb4-4a3f-a5ac-6818964aab70', 'historical-9da8e451ab502643', '2024-07-15', 'Ken Boyle', 'Sales', 'Vault Maintenance', 4.50, 'TiM Metrics.xlsx', 184, '2026-04-16T00:54:18.748Z', '11dd9d76-c5c4-471c-a74b-2d3b6aafe6de', 'f5e7b844-86c1-44b9-8743-743e4c526680', '2a968680-5a85-4775-8083-05370ecf7171', '2026-04-16T00:54:18.748Z'),
  ('22d56581-53a1-4369-a6d5-7546cfa7353c', 'historical-059f6e268e43e53e', '2024-07-16', 'Ken Boyle', 'Administration', 'AI - Research', 0.50, 'TiM Metrics.xlsx', 188, '2026-04-16T00:54:18.748Z', '11dd9d76-c5c4-471c-a74b-2d3b6aafe6de', 'e9a2c6c4-b94e-4001-81d3-051fb76ec1a2', 'e4d9d2a7-6a3d-4fca-ab13-84341f9ce8ee', '2026-04-16T00:54:18.748Z'),
  ('b0c376ff-e78c-49c5-9e8b-f1ba5a6309ba', 'historical-8ed11fa54453730f', '2024-07-16', 'Ken Boyle', 'Administration', 'Email - Responding/Creating', 1, 'TiM Metrics.xlsx', 186, '2026-04-16T00:54:18.748Z', '11dd9d76-c5c4-471c-a74b-2d3b6aafe6de', 'e9a2c6c4-b94e-4001-81d3-051fb76ec1a2', '2887fc95-e2dd-4465-b9b1-dcccc296a66a', '2026-04-16T00:54:18.748Z'),
  ('2b1c27e4-3fb6-4a15-ac99-c7ff156a8742', 'historical-6cb17b919eb6fcda', '2024-07-16', 'Ken Boyle', 'Administration', 'IT - Support', 2.75, 'TiM Metrics.xlsx', 189, '2026-04-16T00:54:18.748Z', '11dd9d76-c5c4-471c-a74b-2d3b6aafe6de', 'e9a2c6c4-b94e-4001-81d3-051fb76ec1a2', 'da828189-0123-41ae-8e0c-c1ff771e64b7', '2026-04-16T00:54:18.748Z'),
  ('5068eac0-f698-4d04-b7cc-4af4f1d50e95', 'historical-e33a5dea09602e78', '2024-07-16', 'Ken Boyle', 'Office', 'Cognito Forms - Creation/Modification', 0.25, 'TiM Metrics.xlsx', 190, '2026-04-16T00:54:18.748Z', '11dd9d76-c5c4-471c-a74b-2d3b6aafe6de', '7b033eba-ee6f-4e48-af5f-cb8bdd8430e3', 'c444efd9-078c-4e18-9afd-25244fadb6db', '2026-04-16T00:54:18.748Z'),
  ('4c34d9ba-3af9-4de5-9353-0b5484136e84', 'historical-d97d9e2429b57e95', '2024-07-16', 'Ken Boyle', 'Office', 'Grey Fox - IT Support', 3, 'TiM Metrics.xlsx', 187, '2026-04-16T00:54:18.748Z', '11dd9d76-c5c4-471c-a74b-2d3b6aafe6de', '7b033eba-ee6f-4e48-af5f-cb8bdd8430e3', '0a7a2102-4ef6-40f7-b838-107122523f9e', '2026-04-16T00:54:18.748Z'),
  ('2d1c7a19-4a83-4387-9bde-3b1a4f312f0e', 'historical-c786f6e5c28ac897', '2024-07-16', 'Ken Boyle', 'Sales', 'Vault Maintenance', 1.25, 'TiM Metrics.xlsx', 191, '2026-04-16T00:54:18.748Z', '11dd9d76-c5c4-471c-a74b-2d3b6aafe6de', 'f5e7b844-86c1-44b9-8743-743e4c526680', '2a968680-5a85-4775-8083-05370ecf7171', '2026-04-16T00:54:18.748Z'),
  ('0a843e17-0dca-41fe-804a-2883876fe2dc', 'historical-bd1fd6e1b9213abd', '2024-07-17', 'Ken Boyle', 'Administration', 'Email - Responding/Creating', 1.25, 'TiM Metrics.xlsx', 192, '2026-04-16T00:54:18.748Z', '11dd9d76-c5c4-471c-a74b-2d3b6aafe6de', 'e9a2c6c4-b94e-4001-81d3-051fb76ec1a2', '2887fc95-e2dd-4465-b9b1-dcccc296a66a', '2026-04-16T00:54:18.748Z'),
  ('1c563959-a507-453f-9c8d-a95b5d0906d3', 'historical-78758e3adcc35ec4', '2024-07-17', 'Ken Boyle', 'Office', 'IT - Support', 7.50, 'TiM Metrics.xlsx', 194, '2026-04-16T00:54:18.748Z', '11dd9d76-c5c4-471c-a74b-2d3b6aafe6de', '7b033eba-ee6f-4e48-af5f-cb8bdd8430e3', 'da828189-0123-41ae-8e0c-c1ff771e64b7', '2026-04-16T00:54:18.748Z'),
  ('61383acf-698e-45c2-aa16-06d94381e9f5', 'historical-bab26e46a9baaa3d', '2024-07-17', 'Ken Boyle', 'Sales', 'Vault Maintenance', 0.25, 'TiM Metrics.xlsx', 193, '2026-04-16T00:54:18.748Z', '11dd9d76-c5c4-471c-a74b-2d3b6aafe6de', 'f5e7b844-86c1-44b9-8743-743e4c526680', '2a968680-5a85-4775-8083-05370ecf7171', '2026-04-16T00:54:18.748Z'),
  ('d6837b4d-8f24-4c99-9625-db34376d8c08', 'historical-a6a55e3e9285e7e0', '2024-07-18', 'Ken Boyle', 'Administration', 'Email - Responding/Creating', 1, 'TiM Metrics.xlsx', 195, '2026-04-16T00:54:18.748Z', '11dd9d76-c5c4-471c-a74b-2d3b6aafe6de', 'e9a2c6c4-b94e-4001-81d3-051fb76ec1a2', '2887fc95-e2dd-4465-b9b1-dcccc296a66a', '2026-04-16T00:54:18.748Z'),
  ('fe2c8ffd-83c2-46cc-97dd-a396d7d366ee', 'historical-342b998f02c9edb8', '2024-07-18', 'Ken Boyle', 'Administration', 'General - Unspecified', 1, 'TiM Metrics.xlsx', 198, '2026-04-16T00:54:18.748Z', '11dd9d76-c5c4-471c-a74b-2d3b6aafe6de', 'e9a2c6c4-b94e-4001-81d3-051fb76ec1a2', 'de6c5e78-92d8-4864-b3a3-4925cad8e98b', '2026-04-16T00:54:18.748Z'),
  ('6b96a61f-a386-477f-be67-bd4cd55eb0ad', 'historical-73be663af1ee5804', '2024-07-18', 'Ken Boyle', 'Office', 'Grey Fox - IT Support', 0.50, 'TiM Metrics.xlsx', 197, '2026-04-16T00:54:18.748Z', '11dd9d76-c5c4-471c-a74b-2d3b6aafe6de', '7b033eba-ee6f-4e48-af5f-cb8bdd8430e3', '0a7a2102-4ef6-40f7-b838-107122523f9e', '2026-04-16T00:54:18.748Z'),
  ('bfbd7b59-719a-46ec-871a-ff86e7ca91f6', 'historical-65ccfecada03d651', '2024-07-18', 'Ken Boyle', 'Sales', 'Vault Maintenance', 6, 'TiM Metrics.xlsx', 196, '2026-04-16T00:54:18.748Z', '11dd9d76-c5c4-471c-a74b-2d3b6aafe6de', 'f5e7b844-86c1-44b9-8743-743e4c526680', '2a968680-5a85-4775-8083-05370ecf7171', '2026-04-16T00:54:18.748Z'),
  ('e339cdd3-9470-49fe-b689-85e71d697ed0', 'historical-fa495501062cee05', '2024-07-19', 'Ken Boyle', 'Administration', 'Email - Responding/Creating', 1, 'TiM Metrics.xlsx', 199, '2026-04-16T00:54:18.748Z', '11dd9d76-c5c4-471c-a74b-2d3b6aafe6de', 'e9a2c6c4-b94e-4001-81d3-051fb76ec1a2', '2887fc95-e2dd-4465-b9b1-dcccc296a66a', '2026-04-16T00:54:18.748Z'),
  ('abc6c5f1-83c7-4448-ac3f-c85e1dfa58de', 'historical-3c22a8ceffa7d94b', '2024-07-19', 'Ken Boyle', 'Office', 'IT - Support', 1, 'TiM Metrics.xlsx', 200, '2026-04-16T00:54:18.748Z', '11dd9d76-c5c4-471c-a74b-2d3b6aafe6de', '7b033eba-ee6f-4e48-af5f-cb8bdd8430e3', 'da828189-0123-41ae-8e0c-c1ff771e64b7', '2026-04-16T00:54:18.748Z'),
  ('a1904f1e-efeb-42ab-b1cf-640fd4df5f0d', 'historical-bbd1d29835c24da4', '2024-07-19', 'Ken Boyle', 'Sales', 'Vault Maintenance', 7, 'TiM Metrics.xlsx', 201, '2026-04-16T00:54:18.748Z', '11dd9d76-c5c4-471c-a74b-2d3b6aafe6de', 'f5e7b844-86c1-44b9-8743-743e4c526680', '2a968680-5a85-4775-8083-05370ecf7171', '2026-04-16T00:54:18.748Z'),
  ('b199312f-fe1f-401f-bbf8-a0fb3a8a9d63', 'historical-30aa80f07b450597', '2024-07-20', 'Ken Boyle', 'Sales', 'Vault Maintenance', 3, 'TiM Metrics.xlsx', 202, '2026-04-16T00:54:18.748Z', '11dd9d76-c5c4-471c-a74b-2d3b6aafe6de', 'f5e7b844-86c1-44b9-8743-743e4c526680', '2a968680-5a85-4775-8083-05370ecf7171', '2026-04-16T00:54:18.748Z'),
  ('27be115c-3731-498a-8023-9efd1adda8c2', 'historical-faf189f8b0b06d85', '2024-07-21', 'Ken Boyle', 'Office', 'Cognito Forms - Creation/Modification', 2, 'TiM Metrics.xlsx', 203, '2026-04-16T00:54:18.748Z', '11dd9d76-c5c4-471c-a74b-2d3b6aafe6de', '7b033eba-ee6f-4e48-af5f-cb8bdd8430e3', 'c444efd9-078c-4e18-9afd-25244fadb6db', '2026-04-16T00:54:18.748Z'),
  ('98d1814c-4771-4b45-8729-5aa224b20b59', 'historical-7f4c01b7c8802975', '2024-07-22', 'Ken Boyle', 'Administration', 'Automation - Creation/Maintenance', 0.75, 'TiM Metrics.xlsx', 204, '2026-04-16T00:54:18.748Z', '11dd9d76-c5c4-471c-a74b-2d3b6aafe6de', 'e9a2c6c4-b94e-4001-81d3-051fb76ec1a2', 'ee319e9c-cb3c-4d1c-8a2e-0c4db1d1ab4c', '2026-04-16T00:54:18.748Z'),
  ('b595a835-3f5d-425c-9e21-16136882d91a', 'historical-c887305e43811c8c', '2024-07-22', 'Ken Boyle', 'Administration', 'Email - Responding/Creating', 1, 'TiM Metrics.xlsx', 205, '2026-04-16T00:54:18.748Z', '11dd9d76-c5c4-471c-a74b-2d3b6aafe6de', 'e9a2c6c4-b94e-4001-81d3-051fb76ec1a2', '2887fc95-e2dd-4465-b9b1-dcccc296a66a', '2026-04-16T00:54:18.748Z'),
  ('f6ad98c3-d4a7-40fa-8cc0-c32fa7def47a', 'historical-52be5a98b62de684', '2024-07-22', 'Ken Boyle', 'Administration', 'General - Unspecified', 3, 'TiM Metrics.xlsx', 207, '2026-04-16T00:54:18.748Z', '11dd9d76-c5c4-471c-a74b-2d3b6aafe6de', 'e9a2c6c4-b94e-4001-81d3-051fb76ec1a2', 'de6c5e78-92d8-4864-b3a3-4925cad8e98b', '2026-04-16T00:54:18.748Z'),
  ('e9d85593-1d6f-4c6b-96e0-748231e1e338', 'historical-3d3f897e2257a0d7', '2024-07-22', 'Ken Boyle', 'Office', 'IT - Support', 3, 'TiM Metrics.xlsx', 206, '2026-04-16T00:54:18.748Z', '11dd9d76-c5c4-471c-a74b-2d3b6aafe6de', '7b033eba-ee6f-4e48-af5f-cb8bdd8430e3', 'da828189-0123-41ae-8e0c-c1ff771e64b7', '2026-04-16T00:54:18.748Z'),
  ('d5ad1e73-46af-4cd0-96c5-6684c14cdd3b', 'historical-29337f846d0345ca', '2024-07-23', 'Ken Boyle', 'Administration', 'Email - Responding/Creating', 1, 'TiM Metrics.xlsx', 209, '2026-04-16T00:54:18.748Z', '11dd9d76-c5c4-471c-a74b-2d3b6aafe6de', 'e9a2c6c4-b94e-4001-81d3-051fb76ec1a2', '2887fc95-e2dd-4465-b9b1-dcccc296a66a', '2026-04-16T00:54:18.748Z'),
  ('5707c924-a5a8-45c6-807d-aa45b7ca2176', 'historical-a5849f1b2f618b42', '2024-07-23', 'Ken Boyle', 'Office', 'Infrastructure - Equipment, Cabling, etc.', 1.50, 'TiM Metrics.xlsx', 208, '2026-04-16T00:54:18.748Z', '11dd9d76-c5c4-471c-a74b-2d3b6aafe6de', '7b033eba-ee6f-4e48-af5f-cb8bdd8430e3', '1474c4fb-5aee-4b66-9285-6613b1b98363', '2026-04-16T00:54:18.748Z'),
  ('13f3e887-8496-48bd-a4d8-fd189a86f864', 'historical-07680863b7f3b86c', '2024-07-23', 'Ken Boyle', 'Office', 'IT - Support', 1, 'TiM Metrics.xlsx', 210, '2026-04-16T00:54:18.748Z', '11dd9d76-c5c4-471c-a74b-2d3b6aafe6de', '7b033eba-ee6f-4e48-af5f-cb8bdd8430e3', 'da828189-0123-41ae-8e0c-c1ff771e64b7', '2026-04-16T00:54:18.748Z'),
  ('a474ee6d-9a28-48ca-8613-e528668aca41', 'historical-27b1d9f9f37d22b4', '2024-07-23', 'Ken Boyle', 'Sales', 'Vault Maintenance', 5, 'TiM Metrics.xlsx', 211, '2026-04-16T00:54:18.748Z', '11dd9d76-c5c4-471c-a74b-2d3b6aafe6de', 'f5e7b844-86c1-44b9-8743-743e4c526680', '2a968680-5a85-4775-8083-05370ecf7171', '2026-04-16T00:54:18.748Z'),
  ('d1e3986b-bddb-4221-966a-3c9b29e89a69', 'historical-072c6169072aaab1', '2024-07-24', 'Ken Boyle', 'Administration', 'Email - Responding/Creating', 1, 'TiM Metrics.xlsx', 212, '2026-04-16T00:54:18.748Z', '11dd9d76-c5c4-471c-a74b-2d3b6aafe6de', 'e9a2c6c4-b94e-4001-81d3-051fb76ec1a2', '2887fc95-e2dd-4465-b9b1-dcccc296a66a', '2026-04-16T00:54:18.748Z'),
  ('953de616-4187-4858-a522-9eb8fbf24062', 'historical-5be928d150dd1dc4', '2024-07-24', 'Ken Boyle', 'Office', 'IT - Support', 0.50, 'TiM Metrics.xlsx', 214, '2026-04-16T00:54:18.748Z', '11dd9d76-c5c4-471c-a74b-2d3b6aafe6de', '7b033eba-ee6f-4e48-af5f-cb8bdd8430e3', 'da828189-0123-41ae-8e0c-c1ff771e64b7', '2026-04-16T00:54:18.748Z'),
  ('a06a066f-55fd-4408-bd77-c2689eb62ef8', 'historical-e97ebc77ed84c41c', '2024-07-24', 'Ken Boyle', 'Sales', 'Vault Maintenance', 4, 'TiM Metrics.xlsx', 213, '2026-04-16T00:54:18.748Z', '11dd9d76-c5c4-471c-a74b-2d3b6aafe6de', 'f5e7b844-86c1-44b9-8743-743e4c526680', '2a968680-5a85-4775-8083-05370ecf7171', '2026-04-16T00:54:18.748Z'),
  ('40a08171-8344-4a63-809f-7937f7c41983', 'historical-56ceaebf75624061', '2024-07-25', 'Ken Boyle', 'Administration', 'Email - Responding/Creating', 1, 'TiM Metrics.xlsx', 215, '2026-04-16T00:54:18.748Z', '11dd9d76-c5c4-471c-a74b-2d3b6aafe6de', 'e9a2c6c4-b94e-4001-81d3-051fb76ec1a2', '2887fc95-e2dd-4465-b9b1-dcccc296a66a', '2026-04-16T00:54:18.748Z'),
  ('b981de4f-7174-47ee-b812-8a2041b4044c', 'historical-c87d4747434b3479', '2024-07-25', 'Ken Boyle', 'Sales', 'IT - Support', 0.50, 'TiM Metrics.xlsx', 217, '2026-04-16T00:54:18.748Z', '11dd9d76-c5c4-471c-a74b-2d3b6aafe6de', 'f5e7b844-86c1-44b9-8743-743e4c526680', 'da828189-0123-41ae-8e0c-c1ff771e64b7', '2026-04-16T00:54:18.748Z'),
  ('fabc98f6-3541-44cc-b7de-73108c946b40', 'historical-4b79e02c83ab94d7', '2024-07-25', 'Ken Boyle', 'Sales', 'Vault Maintenance', 6, 'TiM Metrics.xlsx', 216, '2026-04-16T00:54:18.748Z', '11dd9d76-c5c4-471c-a74b-2d3b6aafe6de', 'f5e7b844-86c1-44b9-8743-743e4c526680', '2a968680-5a85-4775-8083-05370ecf7171', '2026-04-16T00:54:18.748Z'),
  ('97178ab8-ceb6-447a-ad88-4fbe579eda4b', 'historical-2ec2de5cc670f586', '2024-07-26', 'Ken Boyle', 'Administration', 'Email - Responding/Creating', 1, 'TiM Metrics.xlsx', 218, '2026-04-16T00:54:18.748Z', '11dd9d76-c5c4-471c-a74b-2d3b6aafe6de', 'e9a2c6c4-b94e-4001-81d3-051fb76ec1a2', '2887fc95-e2dd-4465-b9b1-dcccc296a66a', '2026-04-16T00:54:18.748Z'),
  ('450e12a5-c6e0-427b-823a-74563c87d8ab', 'historical-48a6610818862117', '2024-07-26', 'Ken Boyle', 'Administration', 'General - Unspecified', 0.50, 'TiM Metrics.xlsx', 221, '2026-04-16T00:54:18.748Z', '11dd9d76-c5c4-471c-a74b-2d3b6aafe6de', 'e9a2c6c4-b94e-4001-81d3-051fb76ec1a2', 'de6c5e78-92d8-4864-b3a3-4925cad8e98b', '2026-04-16T00:54:18.748Z'),
  ('e39c15a6-a40e-4b05-9190-2cb491208f31', 'historical-eb47eb9a4de1c99c', '2024-07-26', 'Ken Boyle', 'Sales', 'Cognito Forms - Creation/Modification', 1, 'TiM Metrics.xlsx', 222, '2026-04-16T00:54:18.748Z', '11dd9d76-c5c4-471c-a74b-2d3b6aafe6de', 'f5e7b844-86c1-44b9-8743-743e4c526680', 'c444efd9-078c-4e18-9afd-25244fadb6db', '2026-04-16T00:54:18.748Z'),
  ('24268b81-2a84-433e-9772-00ce760add8f', 'historical-f87c757df2e40e28', '2024-07-26', 'Ken Boyle', 'Sales', 'Grey Fox - IT Support', 0.50, 'TiM Metrics.xlsx', 220, '2026-04-16T00:54:18.748Z', '11dd9d76-c5c4-471c-a74b-2d3b6aafe6de', 'f5e7b844-86c1-44b9-8743-743e4c526680', '0a7a2102-4ef6-40f7-b838-107122523f9e', '2026-04-16T00:54:18.748Z'),
  ('8613563c-ae2c-43ce-954d-0198a4484934', 'historical-28729e5f77ceed86', '2024-07-26', 'Ken Boyle', 'Sales', 'Vault Maintenance', 4.50, 'TiM Metrics.xlsx', 219, '2026-04-16T00:54:18.748Z', '11dd9d76-c5c4-471c-a74b-2d3b6aafe6de', 'f5e7b844-86c1-44b9-8743-743e4c526680', '2a968680-5a85-4775-8083-05370ecf7171', '2026-04-16T00:54:18.748Z'),
  ('60d3e6fa-e896-46e3-9895-35d0f6fed8bf', 'historical-8aa5d09ff3cf0bf9', '2024-07-29', 'Ken Boyle', 'Administration', 'AI - Research', 1, 'TiM Metrics.xlsx', 226, '2026-04-16T00:54:18.748Z', '11dd9d76-c5c4-471c-a74b-2d3b6aafe6de', 'e9a2c6c4-b94e-4001-81d3-051fb76ec1a2', 'e4d9d2a7-6a3d-4fca-ab13-84341f9ce8ee', '2026-04-16T00:54:18.748Z'),
  ('bde352ab-97e0-4004-bb4e-d4248f60d851', 'historical-2103196fab781a80', '2024-07-29', 'Ken Boyle', 'Administration', 'Email - Responding/Creating', 1, 'TiM Metrics.xlsx', 223, '2026-04-16T00:54:18.748Z', '11dd9d76-c5c4-471c-a74b-2d3b6aafe6de', 'e9a2c6c4-b94e-4001-81d3-051fb76ec1a2', '2887fc95-e2dd-4465-b9b1-dcccc296a66a', '2026-04-16T00:54:18.748Z'),
  ('d444a978-d074-459a-b97a-b5f3525b311d', 'historical-ba092d10f1c7133f', '2024-07-29', 'Ken Boyle', 'Office', 'Cognito Forms - Creation/Modification', 0.50, 'TiM Metrics.xlsx', 225, '2026-04-16T00:54:18.748Z', '11dd9d76-c5c4-471c-a74b-2d3b6aafe6de', '7b033eba-ee6f-4e48-af5f-cb8bdd8430e3', 'c444efd9-078c-4e18-9afd-25244fadb6db', '2026-04-16T00:54:18.748Z'),
  ('e3802713-e8bf-41f3-b3ef-5823913aa3c1', 'historical-5b50aea9145a1f80', '2024-07-29', 'Ken Boyle', 'Office', 'Grey Fox - IT Support', 0.50, 'TiM Metrics.xlsx', 227, '2026-04-16T00:54:18.748Z', '11dd9d76-c5c4-471c-a74b-2d3b6aafe6de', '7b033eba-ee6f-4e48-af5f-cb8bdd8430e3', '0a7a2102-4ef6-40f7-b838-107122523f9e', '2026-04-16T00:54:18.748Z'),
  ('d3c85a2d-181b-464f-afa1-f4d006e68b74', 'historical-449181529611e869', '2024-07-29', 'Ken Boyle', 'Sales', 'Vault Maintenance', 5.50, 'TiM Metrics.xlsx', 224, '2026-04-16T00:54:18.748Z', '11dd9d76-c5c4-471c-a74b-2d3b6aafe6de', 'f5e7b844-86c1-44b9-8743-743e4c526680', '2a968680-5a85-4775-8083-05370ecf7171', '2026-04-16T00:54:18.748Z'),
  ('c74dc3c8-425f-4553-8f56-835f16671ba7', 'historical-cde378a704e857c6', '2024-07-30', 'Ken Boyle', 'Administration', 'Email - Responding/Creating', 1, 'TiM Metrics.xlsx', 230, '2026-04-16T00:54:18.748Z', '11dd9d76-c5c4-471c-a74b-2d3b6aafe6de', 'e9a2c6c4-b94e-4001-81d3-051fb76ec1a2', '2887fc95-e2dd-4465-b9b1-dcccc296a66a', '2026-04-16T00:54:18.748Z'),
  ('aa91432f-990b-458d-8c37-7461e61a27eb', 'historical-749f9c8b9f7956ee', '2024-07-30', 'Ken Boyle', 'Office', 'Grey Fox - IT Support', 1.50, 'TiM Metrics.xlsx', 228, '2026-04-16T00:54:18.748Z', '11dd9d76-c5c4-471c-a74b-2d3b6aafe6de', '7b033eba-ee6f-4e48-af5f-cb8bdd8430e3', '0a7a2102-4ef6-40f7-b838-107122523f9e', '2026-04-16T00:54:18.748Z'),
  ('a76a6a84-c2f6-44ae-8923-46f727f6e9bf', 'historical-fff43945a3e956b6', '2024-07-30', 'Ken Boyle', 'Sales', 'Vault Maintenance', 5.50, 'TiM Metrics.xlsx', 229, '2026-04-16T00:54:18.748Z', '11dd9d76-c5c4-471c-a74b-2d3b6aafe6de', 'f5e7b844-86c1-44b9-8743-743e4c526680', '2a968680-5a85-4775-8083-05370ecf7171', '2026-04-16T00:54:18.748Z'),
  ('ddf30fd2-328a-4da5-9a18-c13065f5de48', 'historical-68d272621284a41e', '2024-07-31', 'Ken Boyle', 'Administration', 'AI - Research', 0.50, 'TiM Metrics.xlsx', 234, '2026-04-16T00:54:18.748Z', '11dd9d76-c5c4-471c-a74b-2d3b6aafe6de', 'e9a2c6c4-b94e-4001-81d3-051fb76ec1a2', 'e4d9d2a7-6a3d-4fca-ab13-84341f9ce8ee', '2026-04-16T00:54:18.748Z'),
  ('87b47952-e5b8-438d-a197-e5b495593f20', 'historical-10b7ed2ebd5e997c', '2024-07-31', 'Ken Boyle', 'Administration', 'Email - Responding/Creating', 1, 'TiM Metrics.xlsx', 231, '2026-04-16T00:54:18.748Z', '11dd9d76-c5c4-471c-a74b-2d3b6aafe6de', 'e9a2c6c4-b94e-4001-81d3-051fb76ec1a2', '2887fc95-e2dd-4465-b9b1-dcccc296a66a', '2026-04-16T00:54:18.748Z'),
  ('eae72b84-5757-4c93-bde8-28131a1733d3', 'historical-56537ccc1a45f88d', '2024-07-31', 'Ken Boyle', 'Office', 'Grey Fox - IT Support', 1, 'TiM Metrics.xlsx', 235, '2026-04-16T00:54:18.748Z', '11dd9d76-c5c4-471c-a74b-2d3b6aafe6de', '7b033eba-ee6f-4e48-af5f-cb8bdd8430e3', '0a7a2102-4ef6-40f7-b838-107122523f9e', '2026-04-16T00:54:18.748Z'),
  ('5de50ddb-9e29-4208-b46b-a7938f621c9d', 'historical-89bccd29360a1dc5', '2024-07-31', 'Ken Boyle', 'Office', 'IT - Support', 0.25, 'TiM Metrics.xlsx', 233, '2026-04-16T00:54:18.748Z', '11dd9d76-c5c4-471c-a74b-2d3b6aafe6de', '7b033eba-ee6f-4e48-af5f-cb8bdd8430e3', 'da828189-0123-41ae-8e0c-c1ff771e64b7', '2026-04-16T00:54:18.748Z'),
  ('8cfaf501-d8b1-49ae-84dc-5b9f6323216d', 'historical-4209ec5619a5fd88', '2024-07-31', 'Ken Boyle', 'Sales', 'Vault Maintenance', 6, 'TiM Metrics.xlsx', 232, '2026-04-16T00:54:18.748Z', '11dd9d76-c5c4-471c-a74b-2d3b6aafe6de', 'f5e7b844-86c1-44b9-8743-743e4c526680', '2a968680-5a85-4775-8083-05370ecf7171', '2026-04-16T00:54:18.748Z'),
  ('93b402e0-b483-4d4e-9765-00081efac333', 'historical-34798c9a2de5583c', '2024-08-01', 'Ken Boyle', 'Administration', 'Email - Responding/Creating', 1.50, 'TiM Metrics.xlsx', 236, '2026-04-16T00:54:18.748Z', '11dd9d76-c5c4-471c-a74b-2d3b6aafe6de', 'e9a2c6c4-b94e-4001-81d3-051fb76ec1a2', '2887fc95-e2dd-4465-b9b1-dcccc296a66a', '2026-04-16T00:54:18.748Z'),
  ('44e45698-9dcc-450a-ae38-eefd910ca103', 'historical-b68b6171f0e51d46', '2024-08-01', 'Ken Boyle', 'Office', 'Grey Fox - IT Support', 1, 'TiM Metrics.xlsx', 237, '2026-04-16T00:54:18.748Z', '11dd9d76-c5c4-471c-a74b-2d3b6aafe6de', '7b033eba-ee6f-4e48-af5f-cb8bdd8430e3', '0a7a2102-4ef6-40f7-b838-107122523f9e', '2026-04-16T00:54:18.748Z'),
  ('5a8d2e84-7340-4706-b52b-3246fb186f22', 'historical-c5f3ed8725d6d538', '2024-08-01', 'Ken Boyle', 'Sales', 'Vault Maintenance', 5, 'TiM Metrics.xlsx', 238, '2026-04-16T00:54:18.748Z', '11dd9d76-c5c4-471c-a74b-2d3b6aafe6de', 'f5e7b844-86c1-44b9-8743-743e4c526680', '2a968680-5a85-4775-8083-05370ecf7171', '2026-04-16T00:54:18.748Z'),
  ('c7defc87-82e0-4711-b23e-f60b01b76acc', 'historical-05c78b6b9ca283f5', '2024-08-02', 'Ken Boyle', 'Administration', 'AI - Research', 1.50, 'TiM Metrics.xlsx', 244, '2026-04-16T00:54:18.748Z', '11dd9d76-c5c4-471c-a74b-2d3b6aafe6de', 'e9a2c6c4-b94e-4001-81d3-051fb76ec1a2', 'e4d9d2a7-6a3d-4fca-ab13-84341f9ce8ee', '2026-04-16T00:54:18.748Z'),
  ('785416af-6302-4f1a-b4a8-a8efc3dbba6e', 'historical-93008938426c35b8', '2024-08-02', 'Ken Boyle', 'Administration', 'General - Unspecified', 0.50, 'TiM Metrics.xlsx', 240, '2026-04-16T00:54:18.748Z', '11dd9d76-c5c4-471c-a74b-2d3b6aafe6de', 'e9a2c6c4-b94e-4001-81d3-051fb76ec1a2', 'de6c5e78-92d8-4864-b3a3-4925cad8e98b', '2026-04-16T00:54:18.748Z'),
  ('27ceae70-cc67-4c8e-8eff-4a09af676952', 'historical-9e44c402d8ef9b0c', '2024-08-02', 'Ken Boyle', 'Office', 'Cognito Forms - Creation/Modification', 0.25, 'TiM Metrics.xlsx', 243, '2026-04-16T00:54:18.748Z', '11dd9d76-c5c4-471c-a74b-2d3b6aafe6de', '7b033eba-ee6f-4e48-af5f-cb8bdd8430e3', 'c444efd9-078c-4e18-9afd-25244fadb6db', '2026-04-16T00:54:18.748Z'),
  ('f368a72d-5a20-49c3-b032-ed97548899c2', 'historical-35a5f36d0717df88', '2024-08-02', 'Ken Boyle', 'Office', 'Grey Fox - IT Support', 0.25, 'TiM Metrics.xlsx', 239, '2026-04-16T00:54:18.748Z', '11dd9d76-c5c4-471c-a74b-2d3b6aafe6de', '7b033eba-ee6f-4e48-af5f-cb8bdd8430e3', '0a7a2102-4ef6-40f7-b838-107122523f9e', '2026-04-16T00:54:18.748Z'),
  ('e16dd42d-af53-4754-9e1b-1fee7837a181', 'historical-4e21709fbd0f953f', '2024-08-02', 'Ken Boyle', 'Office', 'IT - Support', 0.50, 'TiM Metrics.xlsx', 242, '2026-04-16T00:54:18.748Z', '11dd9d76-c5c4-471c-a74b-2d3b6aafe6de', '7b033eba-ee6f-4e48-af5f-cb8bdd8430e3', 'da828189-0123-41ae-8e0c-c1ff771e64b7', '2026-04-16T00:54:18.748Z'),
  ('ae962063-e090-4a45-a916-4c984697526c', 'historical-af6c9b637c56fba2', '2024-08-02', 'Ken Boyle', 'Sales', 'Vault Maintenance', 6.50, 'TiM Metrics.xlsx', 241, '2026-04-16T00:54:18.748Z', '11dd9d76-c5c4-471c-a74b-2d3b6aafe6de', 'f5e7b844-86c1-44b9-8743-743e4c526680', '2a968680-5a85-4775-8083-05370ecf7171', '2026-04-16T00:54:18.748Z'),
  ('863b946a-f119-4a0b-9024-9a59351c2ea6', 'historical-323623fa905fa5c8', '2024-08-05', 'Ken Boyle', 'Administration', 'Email - Responding/Creating', 1, 'TiM Metrics.xlsx', 245, '2026-04-16T00:54:18.748Z', '11dd9d76-c5c4-471c-a74b-2d3b6aafe6de', 'e9a2c6c4-b94e-4001-81d3-051fb76ec1a2', '2887fc95-e2dd-4465-b9b1-dcccc296a66a', '2026-04-16T00:54:18.748Z'),
  ('4ab9dbe3-b551-4eb9-824c-43bd201d4dd6', 'historical-1660ea2329cb0419', '2024-08-05', 'Ken Boyle', 'Office', 'Cognito Forms - Creation/Modification', 0.50, 'TiM Metrics.xlsx', 248, '2026-04-16T00:54:18.748Z', '11dd9d76-c5c4-471c-a74b-2d3b6aafe6de', '7b033eba-ee6f-4e48-af5f-cb8bdd8430e3', 'c444efd9-078c-4e18-9afd-25244fadb6db', '2026-04-16T00:54:18.748Z'),
  ('c7ca455a-8078-41f8-846e-2bb299a9601d', 'historical-1535a8532741bea0', '2024-08-05', 'Ken Boyle', 'Office', 'IT - Support', 1, 'TiM Metrics.xlsx', 247, '2026-04-16T00:54:18.748Z', '11dd9d76-c5c4-471c-a74b-2d3b6aafe6de', '7b033eba-ee6f-4e48-af5f-cb8bdd8430e3', 'da828189-0123-41ae-8e0c-c1ff771e64b7', '2026-04-16T00:54:18.748Z'),
  ('cf525120-0380-4b1a-84c3-6c4c45d03388', 'historical-2bec5c971390bef6', '2024-08-05', 'Ken Boyle', 'Sales', 'Vault Maintenance', 7, 'TiM Metrics.xlsx', 246, '2026-04-16T00:54:18.748Z', '11dd9d76-c5c4-471c-a74b-2d3b6aafe6de', 'f5e7b844-86c1-44b9-8743-743e4c526680', '2a968680-5a85-4775-8083-05370ecf7171', '2026-04-16T00:54:18.748Z'),
  ('08c80ae1-ab86-454a-a3df-23d5330d2379', 'historical-4b25d8b37a5be2ad', '2024-08-06', 'Ken Boyle', 'Administration', 'Email - Responding/Creating', 1, 'TiM Metrics.xlsx', 249, '2026-04-16T00:54:18.748Z', '11dd9d76-c5c4-471c-a74b-2d3b6aafe6de', 'e9a2c6c4-b94e-4001-81d3-051fb76ec1a2', '2887fc95-e2dd-4465-b9b1-dcccc296a66a', '2026-04-16T00:54:18.748Z'),
  ('98b8373f-9396-46d0-a6b4-530e45888170', 'historical-508b36f05537411a', '2024-08-06', 'Ken Boyle', 'Office', 'IT - Support', 1, 'TiM Metrics.xlsx', 251, '2026-04-16T00:54:18.748Z', '11dd9d76-c5c4-471c-a74b-2d3b6aafe6de', '7b033eba-ee6f-4e48-af5f-cb8bdd8430e3', 'da828189-0123-41ae-8e0c-c1ff771e64b7', '2026-04-16T00:54:18.748Z'),
  ('f7e4cef2-fa64-40ea-9e8c-f914da3ff85e', 'historical-6e2f72e97608787c', '2024-08-06', 'Ken Boyle', 'Sales', 'Vault Maintenance', 7.50, 'TiM Metrics.xlsx', 250, '2026-04-16T00:54:18.748Z', '11dd9d76-c5c4-471c-a74b-2d3b6aafe6de', 'f5e7b844-86c1-44b9-8743-743e4c526680', '2a968680-5a85-4775-8083-05370ecf7171', '2026-04-16T00:54:18.748Z'),
  ('bd8c3f71-cef5-490e-97c7-21f9750a07dd', 'historical-99fea94d996b97dd', '2024-08-07', 'Ken Boyle', 'Administration', 'Email - Responding/Creating', 1, 'TiM Metrics.xlsx', 254, '2026-04-16T00:54:18.748Z', '11dd9d76-c5c4-471c-a74b-2d3b6aafe6de', 'e9a2c6c4-b94e-4001-81d3-051fb76ec1a2', '2887fc95-e2dd-4465-b9b1-dcccc296a66a', '2026-04-16T00:54:18.748Z'),
  ('0a047a40-8d97-4c2c-8c1f-8bbf65b90b80', 'historical-e059303da03ab6de', '2024-08-07', 'Ken Boyle', 'Office', 'Infrastructure - Equipment, Cabling, etc.', 1.50, 'TiM Metrics.xlsx', 252, '2026-04-16T00:54:18.748Z', '11dd9d76-c5c4-471c-a74b-2d3b6aafe6de', '7b033eba-ee6f-4e48-af5f-cb8bdd8430e3', '1474c4fb-5aee-4b66-9285-6613b1b98363', '2026-04-16T00:54:18.748Z'),
  ('7705def1-53a6-4511-8f0a-581ee1d65aeb', 'historical-7a6d436622e61a2c', '2024-08-07', 'Ken Boyle', 'Sales', 'Project - Coding', 7.50, 'TiM Metrics.xlsx', 253, '2026-04-16T00:54:18.748Z', '11dd9d76-c5c4-471c-a74b-2d3b6aafe6de', 'f5e7b844-86c1-44b9-8743-743e4c526680', '6c159c2f-1457-4262-8848-c5f998e44a09', '2026-04-16T00:54:18.748Z'),
  ('c5cf33c1-8d49-4d60-a6db-72238fa5258e', 'historical-c1131c70574fcd74', '2024-08-08', 'Ken Boyle', 'Administration', 'Email - Responding/Creating', 1, 'TiM Metrics.xlsx', 255, '2026-04-16T00:54:18.748Z', '11dd9d76-c5c4-471c-a74b-2d3b6aafe6de', 'e9a2c6c4-b94e-4001-81d3-051fb76ec1a2', '2887fc95-e2dd-4465-b9b1-dcccc296a66a', '2026-04-16T00:54:18.748Z'),
  ('7f32e7ed-a1f9-48e5-abb8-34c9ab410962', 'historical-24a9e9e05007d2b6', '2024-08-08', 'Ken Boyle', 'Administration', 'General - Unspecified', 0.75, 'TiM Metrics.xlsx', 258, '2026-04-16T00:54:18.748Z', '11dd9d76-c5c4-471c-a74b-2d3b6aafe6de', 'e9a2c6c4-b94e-4001-81d3-051fb76ec1a2', 'de6c5e78-92d8-4864-b3a3-4925cad8e98b', '2026-04-16T00:54:18.748Z'),
  ('1744399a-b8a2-4b9e-9a06-a622841c37af', 'historical-055907fa5336f989', '2024-08-08', 'Ken Boyle', 'Office', 'IT - Support', 1, 'TiM Metrics.xlsx', 257, '2026-04-16T00:54:18.748Z', '11dd9d76-c5c4-471c-a74b-2d3b6aafe6de', '7b033eba-ee6f-4e48-af5f-cb8bdd8430e3', 'da828189-0123-41ae-8e0c-c1ff771e64b7', '2026-04-16T00:54:18.748Z'),
  ('bc91cb52-a5bc-4faf-b759-7e78afd7aa67', 'historical-c16f8e8ac0b276a4', '2024-08-08', 'Ken Boyle', 'Sales', 'Project - Coding', 6, 'TiM Metrics.xlsx', 256, '2026-04-16T00:54:18.748Z', '11dd9d76-c5c4-471c-a74b-2d3b6aafe6de', 'f5e7b844-86c1-44b9-8743-743e4c526680', '6c159c2f-1457-4262-8848-c5f998e44a09', '2026-04-16T00:54:18.748Z'),
  ('a2b39049-abc9-422b-be66-2f424d62646f', 'historical-de4407ff65445e0f', '2024-08-09', 'Ken Boyle', 'Administration', 'Email - Responding/Creating', 1, 'TiM Metrics.xlsx', 259, '2026-04-16T00:54:18.748Z', '11dd9d76-c5c4-471c-a74b-2d3b6aafe6de', 'e9a2c6c4-b94e-4001-81d3-051fb76ec1a2', '2887fc95-e2dd-4465-b9b1-dcccc296a66a', '2026-04-16T00:54:18.748Z'),
  ('de4c0b7c-566b-4651-a640-cd3699df21aa', 'historical-1bcb16fc175b0261', '2024-08-09', 'Ken Boyle', 'Office', 'IT - Support', 1, 'TiM Metrics.xlsx', 260, '2026-04-16T00:54:18.748Z', '11dd9d76-c5c4-471c-a74b-2d3b6aafe6de', '7b033eba-ee6f-4e48-af5f-cb8bdd8430e3', 'da828189-0123-41ae-8e0c-c1ff771e64b7', '2026-04-16T00:54:18.748Z'),
  ('886fa8e2-edd9-4250-9bb1-e4dc134e7664', 'historical-317f5cdb5480ad4a', '2024-08-09', 'Ken Boyle', 'Sales', 'Project - Coding', 3, 'TiM Metrics.xlsx', 262, '2026-04-16T00:54:18.748Z', '11dd9d76-c5c4-471c-a74b-2d3b6aafe6de', 'f5e7b844-86c1-44b9-8743-743e4c526680', '6c159c2f-1457-4262-8848-c5f998e44a09', '2026-04-16T00:54:18.748Z'),
  ('926b79e9-454b-4c4c-b883-6d417ec6411b', 'historical-ef7dcbe4155c8e6a', '2024-08-09', 'Ken Boyle', 'Sales', 'Vault Maintenance', 5, 'TiM Metrics.xlsx', 261, '2026-04-16T00:54:18.748Z', '11dd9d76-c5c4-471c-a74b-2d3b6aafe6de', 'f5e7b844-86c1-44b9-8743-743e4c526680', '2a968680-5a85-4775-8083-05370ecf7171', '2026-04-16T00:54:18.748Z'),
  ('6d63f539-6941-4f9e-93ca-3bfa4ad24fc2', 'historical-e4ac5a73222f6eb0', '2024-08-10', 'Ken Boyle', 'Sales', 'Project - Coding', 6, 'TiM Metrics.xlsx', 263, '2026-04-16T00:54:18.748Z', '11dd9d76-c5c4-471c-a74b-2d3b6aafe6de', 'f5e7b844-86c1-44b9-8743-743e4c526680', '6c159c2f-1457-4262-8848-c5f998e44a09', '2026-04-16T00:54:18.748Z'),
  ('7a350d2f-6508-4865-a396-83f8936060bb', 'historical-442ba128322fd536', '2024-08-11', 'Ken Boyle', 'Sales', 'Project - Coding', 5, 'TiM Metrics.xlsx', 264, '2026-04-16T00:54:18.748Z', '11dd9d76-c5c4-471c-a74b-2d3b6aafe6de', 'f5e7b844-86c1-44b9-8743-743e4c526680', '6c159c2f-1457-4262-8848-c5f998e44a09', '2026-04-16T00:54:18.748Z'),
  ('c69a3ee9-5a62-43e5-83f4-fad85eb53fbb', 'historical-a0e9ddb20252d786', '2024-08-12', 'Ken Boyle', 'Administration', 'Email - Responding/Creating', 1, 'TiM Metrics.xlsx', 265, '2026-04-16T00:54:18.748Z', '11dd9d76-c5c4-471c-a74b-2d3b6aafe6de', 'e9a2c6c4-b94e-4001-81d3-051fb76ec1a2', '2887fc95-e2dd-4465-b9b1-dcccc296a66a', '2026-04-16T00:54:18.748Z'),
  ('7d2825e0-8260-497c-a326-4aa81d56ddf0', 'historical-c28aea2eeabeb66d', '2024-08-12', 'Ken Boyle', 'Sales', 'Project - Coding', 3, 'TiM Metrics.xlsx', 267, '2026-04-16T00:54:18.748Z', '11dd9d76-c5c4-471c-a74b-2d3b6aafe6de', 'f5e7b844-86c1-44b9-8743-743e4c526680', '6c159c2f-1457-4262-8848-c5f998e44a09', '2026-04-16T00:54:18.748Z'),
  ('8831efca-c5f0-4a1c-88c9-e07e57b87705', 'historical-9d36679c80e127e8', '2024-08-12', 'Ken Boyle', 'Sales', 'Vault Maintenance', 3, 'TiM Metrics.xlsx', 266, '2026-04-16T00:54:18.748Z', '11dd9d76-c5c4-471c-a74b-2d3b6aafe6de', 'f5e7b844-86c1-44b9-8743-743e4c526680', '2a968680-5a85-4775-8083-05370ecf7171', '2026-04-16T00:54:18.748Z'),
  ('48478b83-cc12-425d-9e00-a40c4f88bf53', 'historical-aea15ea1ffbb343e', '2024-08-13', 'Ken Boyle', 'Administration', 'Email - Responding/Creating', 1, 'TiM Metrics.xlsx', 268, '2026-04-16T00:54:18.748Z', '11dd9d76-c5c4-471c-a74b-2d3b6aafe6de', 'e9a2c6c4-b94e-4001-81d3-051fb76ec1a2', '2887fc95-e2dd-4465-b9b1-dcccc296a66a', '2026-04-16T00:54:18.748Z'),
  ('366dc5c4-eabd-46e5-8399-930b1d77200e', 'historical-5c378511d2e7f0f9', '2024-08-13', 'Ken Boyle', 'Office', 'IT - Support', 1, 'TiM Metrics.xlsx', 271, '2026-04-16T00:54:18.748Z', '11dd9d76-c5c4-471c-a74b-2d3b6aafe6de', '7b033eba-ee6f-4e48-af5f-cb8bdd8430e3', 'da828189-0123-41ae-8e0c-c1ff771e64b7', '2026-04-16T00:54:18.748Z'),
  ('5825d506-8bb1-4012-8335-ce67e1ebb4c7', 'historical-4372c9e6ca80f531', '2024-08-13', 'Ken Boyle', 'Sales', 'Project - Coding', 2, 'TiM Metrics.xlsx', 269, '2026-04-16T00:54:18.748Z', '11dd9d76-c5c4-471c-a74b-2d3b6aafe6de', 'f5e7b844-86c1-44b9-8743-743e4c526680', '6c159c2f-1457-4262-8848-c5f998e44a09', '2026-04-16T00:54:18.748Z'),
  ('eebb915f-1144-4cd7-b155-cbf01b064722', 'historical-eba6e0a82716b0a3', '2024-08-13', 'Ken Boyle', 'Sales', 'Vault Maintenance', 4, 'TiM Metrics.xlsx', 270, '2026-04-16T00:54:18.748Z', '11dd9d76-c5c4-471c-a74b-2d3b6aafe6de', 'f5e7b844-86c1-44b9-8743-743e4c526680', '2a968680-5a85-4775-8083-05370ecf7171', '2026-04-16T00:54:18.748Z'),
  ('721e56db-0ce9-4241-95bb-b2f0ec21f2b3', 'historical-53c37e7aae72bcec', '2024-08-14', 'Ken Boyle', 'Office', 'Infrastructure - Equipment, Cabling, etc.', 3, 'TiM Metrics.xlsx', 272, '2026-04-16T00:54:18.748Z', '11dd9d76-c5c4-471c-a74b-2d3b6aafe6de', '7b033eba-ee6f-4e48-af5f-cb8bdd8430e3', '1474c4fb-5aee-4b66-9285-6613b1b98363', '2026-04-16T00:54:18.748Z'),
  ('a71e615c-f3e8-4d31-9094-5734e8215e86', 'historical-73ff3fbb0741cb9d', '2024-08-14', 'Ken Boyle', 'Sales', 'Project - Coding', 2, 'TiM Metrics.xlsx', 273, '2026-04-16T00:54:18.748Z', '11dd9d76-c5c4-471c-a74b-2d3b6aafe6de', 'f5e7b844-86c1-44b9-8743-743e4c526680', '6c159c2f-1457-4262-8848-c5f998e44a09', '2026-04-16T00:54:18.748Z'),
  ('1e905ec8-72eb-499b-a816-4f8325054063', 'historical-c1f222f4aa65a1f3', '2024-08-15', 'Ken Boyle', 'Administration', 'Email - Responding/Creating', 1, 'TiM Metrics.xlsx', 274, '2026-04-16T00:54:18.748Z', '11dd9d76-c5c4-471c-a74b-2d3b6aafe6de', 'e9a2c6c4-b94e-4001-81d3-051fb76ec1a2', '2887fc95-e2dd-4465-b9b1-dcccc296a66a', '2026-04-16T00:54:18.748Z'),
  ('b08b6f73-cd9c-4d0b-a22b-0597ece41597', 'historical-330c5d38bec03429', '2024-08-15', 'Ken Boyle', 'Sales', 'IT - Support', 0.50, 'TiM Metrics.xlsx', 277, '2026-04-16T00:54:18.748Z', '11dd9d76-c5c4-471c-a74b-2d3b6aafe6de', 'f5e7b844-86c1-44b9-8743-743e4c526680', 'da828189-0123-41ae-8e0c-c1ff771e64b7', '2026-04-16T00:54:18.748Z'),
  ('5dd7ce5d-50b0-4c52-870c-599ccb083751', 'historical-ae13578c6710446e', '2024-08-15', 'Ken Boyle', 'Sales', 'Project - Coding', 2.50, 'TiM Metrics.xlsx', 276, '2026-04-16T00:54:18.748Z', '11dd9d76-c5c4-471c-a74b-2d3b6aafe6de', 'f5e7b844-86c1-44b9-8743-743e4c526680', '6c159c2f-1457-4262-8848-c5f998e44a09', '2026-04-16T00:54:18.748Z'),
  ('cbdc6953-3e16-425d-bbe9-98ab4e5b3593', 'historical-79e1c7c385c6aaee', '2024-08-15', 'Ken Boyle', 'Sales', 'Vault Maintenance', 4.50, 'TiM Metrics.xlsx', 275, '2026-04-16T00:54:18.748Z', '11dd9d76-c5c4-471c-a74b-2d3b6aafe6de', 'f5e7b844-86c1-44b9-8743-743e4c526680', '2a968680-5a85-4775-8083-05370ecf7171', '2026-04-16T00:54:18.748Z'),
  ('d16eace5-df69-44e8-b573-0a4fa6a08b23', 'historical-385b49691405caa7', '2024-08-16', 'Ken Boyle', 'Administration', 'Email - Responding/Creating', 1, 'TiM Metrics.xlsx', 278, '2026-04-16T00:54:18.748Z', '11dd9d76-c5c4-471c-a74b-2d3b6aafe6de', 'e9a2c6c4-b94e-4001-81d3-051fb76ec1a2', '2887fc95-e2dd-4465-b9b1-dcccc296a66a', '2026-04-16T00:54:18.748Z'),
  ('5a5c615b-c826-4927-b2ab-c821ce51af35', 'historical-ab6fd7035d6410a0', '2024-08-16', 'Ken Boyle', 'Office', 'Grey Fox - IT Support', 1, 'TiM Metrics.xlsx', 280, '2026-04-16T00:54:18.748Z', '11dd9d76-c5c4-471c-a74b-2d3b6aafe6de', '7b033eba-ee6f-4e48-af5f-cb8bdd8430e3', '0a7a2102-4ef6-40f7-b838-107122523f9e', '2026-04-16T00:54:18.748Z'),
  ('40dd6eed-fb06-4f07-b126-c85bd70217db', 'historical-d18357c2c524e84d', '2024-08-16', 'Ken Boyle', 'Office', 'IT - Support', 1, 'TiM Metrics.xlsx', 282, '2026-04-16T00:54:18.748Z', '11dd9d76-c5c4-471c-a74b-2d3b6aafe6de', '7b033eba-ee6f-4e48-af5f-cb8bdd8430e3', 'da828189-0123-41ae-8e0c-c1ff771e64b7', '2026-04-16T00:54:18.748Z'),
  ('b9b763d6-aa33-4b17-849a-2c672e7608f4', 'historical-2d0a90fe71fc3f1e', '2024-08-16', 'Ken Boyle', 'Sales', 'Project - Coding', 1.50, 'TiM Metrics.xlsx', 281, '2026-04-16T00:54:18.748Z', '11dd9d76-c5c4-471c-a74b-2d3b6aafe6de', 'f5e7b844-86c1-44b9-8743-743e4c526680', '6c159c2f-1457-4262-8848-c5f998e44a09', '2026-04-16T00:54:18.748Z'),
  ('e74d80cf-f5c9-4a5f-bb24-83f088695a0e', 'historical-68324d2679f909e9', '2024-08-16', 'Ken Boyle', 'Sales', 'Vault Maintenance', 4, 'TiM Metrics.xlsx', 279, '2026-04-16T00:54:18.748Z', '11dd9d76-c5c4-471c-a74b-2d3b6aafe6de', 'f5e7b844-86c1-44b9-8743-743e4c526680', '2a968680-5a85-4775-8083-05370ecf7171', '2026-04-16T00:54:18.748Z'),
  ('79e7b4e5-034d-4f32-b0cd-5851d50ce322', 'historical-6a20edd0a8ef6ef4', '2024-08-18', 'Ken Boyle', 'Sales', 'Vault Maintenance', 2, 'TiM Metrics.xlsx', 283, '2026-04-16T00:54:18.748Z', '11dd9d76-c5c4-471c-a74b-2d3b6aafe6de', 'f5e7b844-86c1-44b9-8743-743e4c526680', '2a968680-5a85-4775-8083-05370ecf7171', '2026-04-16T00:54:18.748Z'),
  ('56636ba5-dfe0-4fd9-bca5-19ce68e31756', 'historical-6f51503382366bfc', '2024-08-19', 'Ken Boyle', 'Administration', 'Email - Responding/Creating', 1, 'TiM Metrics.xlsx', 284, '2026-04-16T00:54:18.748Z', '11dd9d76-c5c4-471c-a74b-2d3b6aafe6de', 'e9a2c6c4-b94e-4001-81d3-051fb76ec1a2', '2887fc95-e2dd-4465-b9b1-dcccc296a66a', '2026-04-16T00:54:18.748Z'),
  ('b2f0e5b0-cf0b-434f-bbc2-64126371901b', 'historical-e3e39a11b979fa09', '2024-08-19', 'Ken Boyle', 'Office', 'IT - Support', 1, 'TiM Metrics.xlsx', 285, '2026-04-16T00:54:18.748Z', '11dd9d76-c5c4-471c-a74b-2d3b6aafe6de', '7b033eba-ee6f-4e48-af5f-cb8bdd8430e3', 'da828189-0123-41ae-8e0c-c1ff771e64b7', '2026-04-16T00:54:18.748Z'),
  ('6808024a-f432-4be4-a5cf-9e00bdf54b19', 'historical-58ad7a17a79ca8e3', '2024-08-19', 'Ken Boyle', 'Sales', 'Vault Maintenance', 6, 'TiM Metrics.xlsx', 286, '2026-04-16T00:54:18.748Z', '11dd9d76-c5c4-471c-a74b-2d3b6aafe6de', 'f5e7b844-86c1-44b9-8743-743e4c526680', '2a968680-5a85-4775-8083-05370ecf7171', '2026-04-16T00:54:18.748Z'),
  ('bd6c889f-f5e7-4dd5-be4a-8635005caf47', 'historical-90bb3479b3677dd2', '2024-08-20', 'Ken Boyle', 'Administration', 'Email - Responding/Creating', 1, 'TiM Metrics.xlsx', 288, '2026-04-16T00:54:18.748Z', '11dd9d76-c5c4-471c-a74b-2d3b6aafe6de', 'e9a2c6c4-b94e-4001-81d3-051fb76ec1a2', '2887fc95-e2dd-4465-b9b1-dcccc296a66a', '2026-04-16T00:54:18.748Z'),
  ('23e19a06-2c76-4286-a3ae-b5c0cec25849', 'historical-ea29d98bca6fe5da', '2024-08-20', 'Ken Boyle', 'Company', 'Web Site - Maintenance', 1, 'TiM Metrics.xlsx', 290, '2026-04-16T00:54:18.748Z', '11dd9d76-c5c4-471c-a74b-2d3b6aafe6de', '784152bf-4518-49f0-a606-92802f54fddf', 'aece493f-2480-4ea9-9613-6b1f96d045e1', '2026-04-16T00:54:18.748Z'),
  ('1fa1b752-2a4e-4478-b4ac-240f7e5e6605', 'historical-1ed14d4544ba2bfb', '2024-08-20', 'Ken Boyle', 'Office', 'IT - Support', 1, 'TiM Metrics.xlsx', 287, '2026-04-16T00:54:18.748Z', '11dd9d76-c5c4-471c-a74b-2d3b6aafe6de', '7b033eba-ee6f-4e48-af5f-cb8bdd8430e3', 'da828189-0123-41ae-8e0c-c1ff771e64b7', '2026-04-16T00:54:18.748Z'),
  ('a06350b6-ccd9-49d3-8507-2fda99a58ae0', 'historical-dfd6a959ad9a035d', '2024-08-20', 'Ken Boyle', 'Sales', 'Project - Coding', 0.50, 'TiM Metrics.xlsx', 289, '2026-04-16T00:54:18.748Z', '11dd9d76-c5c4-471c-a74b-2d3b6aafe6de', 'f5e7b844-86c1-44b9-8743-743e4c526680', '6c159c2f-1457-4262-8848-c5f998e44a09', '2026-04-16T00:54:18.748Z'),
  ('8065ddef-0bb8-4b52-bd92-ba2a80d3c90e', 'historical-bedea254fb36ddf6', '2024-08-20', 'Ken Boyle', 'Sales', 'Vault Maintenance', 6, 'TiM Metrics.xlsx', 291, '2026-04-16T00:54:18.748Z', '11dd9d76-c5c4-471c-a74b-2d3b6aafe6de', 'f5e7b844-86c1-44b9-8743-743e4c526680', '2a968680-5a85-4775-8083-05370ecf7171', '2026-04-16T00:54:18.748Z'),
  ('38a7c196-cecb-4315-9ea9-3f77f58dd37e', 'historical-5c2ebece50f14fad', '2024-08-21', 'Ken Boyle', 'Administration', 'Email - Responding/Creating', 1, 'TiM Metrics.xlsx', 292, '2026-04-16T00:54:18.748Z', '11dd9d76-c5c4-471c-a74b-2d3b6aafe6de', 'e9a2c6c4-b94e-4001-81d3-051fb76ec1a2', '2887fc95-e2dd-4465-b9b1-dcccc296a66a', '2026-04-16T00:54:18.748Z'),
  ('14319d2d-ea0c-4562-a359-973d6ac01fae', 'historical-90da920b7010b805', '2024-08-21', 'Ken Boyle', 'Office', 'IT - Support', 1, 'TiM Metrics.xlsx', 295, '2026-04-16T00:54:18.748Z', '11dd9d76-c5c4-471c-a74b-2d3b6aafe6de', '7b033eba-ee6f-4e48-af5f-cb8bdd8430e3', 'da828189-0123-41ae-8e0c-c1ff771e64b7', '2026-04-16T00:54:18.748Z'),
  ('ced4b0ef-ec8d-45dd-8101-48a7fe91bcfd', 'historical-af07b6930025a394', '2024-08-21', 'Ken Boyle', 'Sales', 'Project - Coding', 1, 'TiM Metrics.xlsx', 294, '2026-04-16T00:54:18.748Z', '11dd9d76-c5c4-471c-a74b-2d3b6aafe6de', 'f5e7b844-86c1-44b9-8743-743e4c526680', '6c159c2f-1457-4262-8848-c5f998e44a09', '2026-04-16T00:54:18.748Z'),
  ('96220d18-9db0-4f63-9e46-2a38d6b46bd7', 'historical-9d580c47a12037e9', '2024-08-21', 'Ken Boyle', 'Sales', 'Vault Maintenance', 6.50, 'TiM Metrics.xlsx', 293, '2026-04-16T00:54:18.748Z', '11dd9d76-c5c4-471c-a74b-2d3b6aafe6de', 'f5e7b844-86c1-44b9-8743-743e4c526680', '2a968680-5a85-4775-8083-05370ecf7171', '2026-04-16T00:54:18.748Z'),
  ('00411529-2599-47a6-954b-2276961d002a', 'historical-a089aa226930e3b6', '2024-08-22', 'Ken Boyle', 'Administration', 'Email - Responding/Creating', 1, 'TiM Metrics.xlsx', 296, '2026-04-16T00:54:18.748Z', '11dd9d76-c5c4-471c-a74b-2d3b6aafe6de', 'e9a2c6c4-b94e-4001-81d3-051fb76ec1a2', '2887fc95-e2dd-4465-b9b1-dcccc296a66a', '2026-04-16T00:54:18.748Z'),
  ('97037efe-fd9c-45cb-b160-19cf7b8bc03e', 'historical-aaa30809774a7207', '2024-08-22', 'Ken Boyle', 'Office', 'IT - Support', 0.50, 'TiM Metrics.xlsx', 298, '2026-04-16T00:54:18.748Z', '11dd9d76-c5c4-471c-a74b-2d3b6aafe6de', '7b033eba-ee6f-4e48-af5f-cb8bdd8430e3', 'da828189-0123-41ae-8e0c-c1ff771e64b7', '2026-04-16T00:54:18.748Z'),
  ('3f410240-c5ec-4b92-920d-518dae8a2383', 'historical-bfa4735b42c96d7d', '2024-08-22', 'Ken Boyle', 'Sales', 'Project - Coding', 3, 'TiM Metrics.xlsx', 299, '2026-04-16T00:54:18.748Z', '11dd9d76-c5c4-471c-a74b-2d3b6aafe6de', 'f5e7b844-86c1-44b9-8743-743e4c526680', '6c159c2f-1457-4262-8848-c5f998e44a09', '2026-04-16T00:54:18.748Z'),
  ('bbf4c250-8149-45da-aeb9-0f02ac047bc7', 'historical-2d74d7942a7ad2cd', '2024-08-22', 'Ken Boyle', 'Sales', 'Vault Maintenance', 4, 'TiM Metrics.xlsx', 297, '2026-04-16T00:54:18.748Z', '11dd9d76-c5c4-471c-a74b-2d3b6aafe6de', 'f5e7b844-86c1-44b9-8743-743e4c526680', '2a968680-5a85-4775-8083-05370ecf7171', '2026-04-16T00:54:18.748Z'),
  ('8c3b791b-961a-48d7-9928-d7894767d104', 'historical-6a5108643ab8a307', '2024-08-23', 'Ken Boyle', 'Administration', 'Email - Responding/Creating', 1, 'TiM Metrics.xlsx', 300, '2026-04-16T00:54:18.748Z', '11dd9d76-c5c4-471c-a74b-2d3b6aafe6de', 'e9a2c6c4-b94e-4001-81d3-051fb76ec1a2', '2887fc95-e2dd-4465-b9b1-dcccc296a66a', '2026-04-16T00:54:18.748Z'),
  ('ac57e7b3-a30b-4f51-9bdc-21c72d1fea67', 'historical-9ae33557a63cf2fc', '2024-08-23', 'Ken Boyle', 'Sales', 'Project - Coding', 5, 'TiM Metrics.xlsx', 301, '2026-04-16T00:54:18.748Z', '11dd9d76-c5c4-471c-a74b-2d3b6aafe6de', 'f5e7b844-86c1-44b9-8743-743e4c526680', '6c159c2f-1457-4262-8848-c5f998e44a09', '2026-04-16T00:54:18.748Z'),
  ('9a6c833d-ec6c-43c7-b9e3-8379d9e691a3', 'historical-afa7caebd3d0266a', '2024-08-23', 'Ken Boyle', 'Sales', 'Vault Maintenance', 1.50, 'TiM Metrics.xlsx', 302, '2026-04-16T00:54:18.748Z', '11dd9d76-c5c4-471c-a74b-2d3b6aafe6de', 'f5e7b844-86c1-44b9-8743-743e4c526680', '2a968680-5a85-4775-8083-05370ecf7171', '2026-04-16T00:54:18.748Z'),
  ('c44f2838-12e1-4010-b155-1d118b1f0696', 'historical-1aa5a58ee85dc232', '2024-08-26', 'Ken Boyle', 'Administration', 'AI - Research', 2, 'TiM Metrics.xlsx', 306, '2026-04-16T00:54:18.748Z', '11dd9d76-c5c4-471c-a74b-2d3b6aafe6de', 'e9a2c6c4-b94e-4001-81d3-051fb76ec1a2', 'e4d9d2a7-6a3d-4fca-ab13-84341f9ce8ee', '2026-04-16T00:54:18.748Z'),
  ('de20a299-24e4-49d6-ad01-0ed4b0729491', 'historical-35458254a9d8cf51', '2024-08-26', 'Ken Boyle', 'Administration', 'Email - Responding/Creating', 1, 'TiM Metrics.xlsx', 303, '2026-04-16T00:54:18.748Z', '11dd9d76-c5c4-471c-a74b-2d3b6aafe6de', 'e9a2c6c4-b94e-4001-81d3-051fb76ec1a2', '2887fc95-e2dd-4465-b9b1-dcccc296a66a', '2026-04-16T00:54:18.748Z'),
  ('f67b3fa2-739d-4abb-891d-4ff286bc77a7', 'historical-a54d3cd5da3da4ea', '2024-08-26', 'Ken Boyle', 'Office', 'IT - Support', 0.50, 'TiM Metrics.xlsx', 305, '2026-04-16T00:54:18.748Z', '11dd9d76-c5c4-471c-a74b-2d3b6aafe6de', '7b033eba-ee6f-4e48-af5f-cb8bdd8430e3', 'da828189-0123-41ae-8e0c-c1ff771e64b7', '2026-04-16T00:54:18.748Z'),
  ('c5d0881e-7697-47ac-a979-e998729e50e9', 'historical-6b2e35b80218f10b', '2024-08-26', 'Ken Boyle', 'Sales', 'IT - Support', 1, 'TiM Metrics.xlsx', 307, '2026-04-16T00:54:18.748Z', '11dd9d76-c5c4-471c-a74b-2d3b6aafe6de', 'f5e7b844-86c1-44b9-8743-743e4c526680', 'da828189-0123-41ae-8e0c-c1ff771e64b7', '2026-04-16T00:54:18.748Z'),
  ('ea142713-fc60-4b5b-9af7-199da5dce133', 'historical-056d3f11bb7e7e6e', '2024-08-26', 'Ken Boyle', 'Sales', 'Vault Maintenance', 4, 'TiM Metrics.xlsx', 304, '2026-04-16T00:54:18.748Z', '11dd9d76-c5c4-471c-a74b-2d3b6aafe6de', 'f5e7b844-86c1-44b9-8743-743e4c526680', '2a968680-5a85-4775-8083-05370ecf7171', '2026-04-16T00:54:18.748Z'),
  ('915db181-3ad7-40c6-b719-584478d9e2b4', 'historical-7472f452cd750439', '2024-08-27', 'Ken Boyle', 'Administration', 'Email - Responding/Creating', 1, 'TiM Metrics.xlsx', 308, '2026-04-16T00:54:18.748Z', '11dd9d76-c5c4-471c-a74b-2d3b6aafe6de', 'e9a2c6c4-b94e-4001-81d3-051fb76ec1a2', '2887fc95-e2dd-4465-b9b1-dcccc296a66a', '2026-04-16T00:54:18.748Z'),
  ('853ff2f2-3376-419f-86cb-61103baf85ee', 'historical-5a27b66a49db646e', '2024-08-27', 'Ken Boyle', 'Sales', 'Project - Coding', 2.50, 'TiM Metrics.xlsx', 310, '2026-04-16T00:54:18.748Z', '11dd9d76-c5c4-471c-a74b-2d3b6aafe6de', 'f5e7b844-86c1-44b9-8743-743e4c526680', '6c159c2f-1457-4262-8848-c5f998e44a09', '2026-04-16T00:54:18.748Z'),
  ('37d8c9b5-c343-4ac5-95c1-29e7f9a5525b', 'historical-3198acd65b4c7ed4', '2024-08-27', 'Ken Boyle', 'Sales', 'Vault Maintenance', 6.50, 'TiM Metrics.xlsx', 309, '2026-04-16T00:54:18.748Z', '11dd9d76-c5c4-471c-a74b-2d3b6aafe6de', 'f5e7b844-86c1-44b9-8743-743e4c526680', '2a968680-5a85-4775-8083-05370ecf7171', '2026-04-16T00:54:18.748Z'),
  ('ed04bd62-6b44-45ce-ba8e-26c7e5771480', 'historical-1b707b03cad46a0f', '2024-08-28', 'Ken Boyle', 'Administration', 'Email - Responding/Creating', 1, 'TiM Metrics.xlsx', 311, '2026-04-16T00:54:18.748Z', '11dd9d76-c5c4-471c-a74b-2d3b6aafe6de', 'e9a2c6c4-b94e-4001-81d3-051fb76ec1a2', '2887fc95-e2dd-4465-b9b1-dcccc296a66a', '2026-04-16T00:54:18.748Z'),
  ('aafd1798-511e-42cb-90b0-5673e6d9e740', 'historical-b3a0699843fe97e9', '2024-08-28', 'Ken Boyle', 'Office', 'IT - Support', 1, 'TiM Metrics.xlsx', 314, '2026-04-16T00:54:18.748Z', '11dd9d76-c5c4-471c-a74b-2d3b6aafe6de', '7b033eba-ee6f-4e48-af5f-cb8bdd8430e3', 'da828189-0123-41ae-8e0c-c1ff771e64b7', '2026-04-16T00:54:18.748Z'),
  ('20d4943f-388c-46cb-b602-c961dbf8f6c2', 'historical-d68a948e71cc3955', '2024-08-28', 'Ken Boyle', 'Sales', 'Project - Coding', 3, 'TiM Metrics.xlsx', 312, '2026-04-16T00:54:18.748Z', '11dd9d76-c5c4-471c-a74b-2d3b6aafe6de', 'f5e7b844-86c1-44b9-8743-743e4c526680', '6c159c2f-1457-4262-8848-c5f998e44a09', '2026-04-16T00:54:18.748Z'),
  ('8012fde9-25b8-4076-bc90-b7bb3e7848dc', 'historical-2f76766eb7928120', '2024-08-28', 'Ken Boyle', 'Sales', 'Vault Maintenance', 4, 'TiM Metrics.xlsx', 313, '2026-04-16T00:54:18.748Z', '11dd9d76-c5c4-471c-a74b-2d3b6aafe6de', 'f5e7b844-86c1-44b9-8743-743e4c526680', '2a968680-5a85-4775-8083-05370ecf7171', '2026-04-16T00:54:18.748Z'),
  ('e4c19740-1575-4d61-b752-033fc388632c', 'historical-1314a82b0de2943e', '2024-08-29', 'Ken Boyle', 'Administration', 'Email - Responding/Creating', 1, 'TiM Metrics.xlsx', 315, '2026-04-16T00:54:18.748Z', '11dd9d76-c5c4-471c-a74b-2d3b6aafe6de', 'e9a2c6c4-b94e-4001-81d3-051fb76ec1a2', '2887fc95-e2dd-4465-b9b1-dcccc296a66a', '2026-04-16T00:54:18.748Z'),
  ('6bab64af-20bf-4ba5-a23d-e59f45c24d12', 'historical-a002818daf369e69', '2024-08-29', 'Ken Boyle', 'Sales', 'IT - Support', 1, 'TiM Metrics.xlsx', 316, '2026-04-16T00:54:18.748Z', '11dd9d76-c5c4-471c-a74b-2d3b6aafe6de', 'f5e7b844-86c1-44b9-8743-743e4c526680', 'da828189-0123-41ae-8e0c-c1ff771e64b7', '2026-04-16T00:54:18.748Z'),
  ('94518fad-448b-494b-88b2-62ba2563a6c8', 'historical-7409b7cc465a6865', '2024-08-29', 'Ken Boyle', 'Sales', 'Project - Coding', 3.50, 'TiM Metrics.xlsx', 317, '2026-04-16T00:54:18.748Z', '11dd9d76-c5c4-471c-a74b-2d3b6aafe6de', 'f5e7b844-86c1-44b9-8743-743e4c526680', '6c159c2f-1457-4262-8848-c5f998e44a09', '2026-04-16T00:54:18.748Z'),
  ('79f5e984-435f-4bf6-8e1e-31a8adc1064d', 'historical-5acdd4618ef092f0', '2024-08-29', 'Ken Boyle', 'Sales', 'Project - Implementation', 2, 'TiM Metrics.xlsx', 319, '2026-04-16T00:54:18.748Z', '11dd9d76-c5c4-471c-a74b-2d3b6aafe6de', 'f5e7b844-86c1-44b9-8743-743e4c526680', 'fcd1f9af-5763-498b-bb04-ea193c1e6305', '2026-04-16T00:54:18.748Z'),
  ('125b1dc8-4b96-438e-8266-3ffe7e14ef82', 'historical-f6b9bfbf491b0d24', '2024-08-29', 'Ken Boyle', 'Sales', 'Vault Maintenance', 1, 'TiM Metrics.xlsx', 318, '2026-04-16T00:54:18.748Z', '11dd9d76-c5c4-471c-a74b-2d3b6aafe6de', 'f5e7b844-86c1-44b9-8743-743e4c526680', '2a968680-5a85-4775-8083-05370ecf7171', '2026-04-16T00:54:18.748Z'),
  ('2c563f1e-eda2-4b3e-9d18-f77d22eaefde', 'historical-766f370d4705c7cc', '2024-08-30', 'Ken Boyle', 'Administration', 'Email - Responding/Creating', 1, 'TiM Metrics.xlsx', 320, '2026-04-16T00:54:18.748Z', '11dd9d76-c5c4-471c-a74b-2d3b6aafe6de', 'e9a2c6c4-b94e-4001-81d3-051fb76ec1a2', '2887fc95-e2dd-4465-b9b1-dcccc296a66a', '2026-04-16T00:54:18.748Z'),
  ('173f816c-32b0-4399-b75e-3db615fa0f85', 'historical-11bd66677de7ad80', '2024-08-30', 'Ken Boyle', 'Office', 'Grey Fox - IT Support', 0.50, 'TiM Metrics.xlsx', 324, '2026-04-16T00:54:18.748Z', '11dd9d76-c5c4-471c-a74b-2d3b6aafe6de', '7b033eba-ee6f-4e48-af5f-cb8bdd8430e3', '0a7a2102-4ef6-40f7-b838-107122523f9e', '2026-04-16T00:54:18.748Z'),
  ('5fd003b4-5e34-44d7-8629-d2729642de9c', 'historical-4306462c3f9b1e43', '2024-08-30', 'Ken Boyle', 'Sales', 'Project - Coding', 2, 'TiM Metrics.xlsx', 322, '2026-04-16T00:54:18.748Z', '11dd9d76-c5c4-471c-a74b-2d3b6aafe6de', 'f5e7b844-86c1-44b9-8743-743e4c526680', '6c159c2f-1457-4262-8848-c5f998e44a09', '2026-04-16T00:54:18.748Z'),
  ('8baa0357-09a6-4c3e-a593-feeee06ca4b2', 'historical-387793430499cb53', '2024-08-30', 'Ken Boyle', 'Sales', 'Project - Implementation', 1.50, 'TiM Metrics.xlsx', 321, '2026-04-16T00:54:18.748Z', '11dd9d76-c5c4-471c-a74b-2d3b6aafe6de', 'f5e7b844-86c1-44b9-8743-743e4c526680', 'fcd1f9af-5763-498b-bb04-ea193c1e6305', '2026-04-16T00:54:18.748Z'),
  ('16fd1940-24ac-42dd-b29b-85db35b44263', 'historical-6f4f0c1ba5337f6f', '2024-08-30', 'Ken Boyle', 'Sales', 'Vault Maintenance', 4.50, 'TiM Metrics.xlsx', 323, '2026-04-16T00:54:18.748Z', '11dd9d76-c5c4-471c-a74b-2d3b6aafe6de', 'f5e7b844-86c1-44b9-8743-743e4c526680', '2a968680-5a85-4775-8083-05370ecf7171', '2026-04-16T00:54:18.748Z'),
  ('bd75a488-c97b-42e3-8556-0a8fcb92c338', 'historical-d3cbfa3c9eacff6b', '2024-08-31', 'Ken Boyle', 'Sales', 'Vault Maintenance', 3, 'TiM Metrics.xlsx', 325, '2026-04-16T00:54:18.748Z', '11dd9d76-c5c4-471c-a74b-2d3b6aafe6de', 'f5e7b844-86c1-44b9-8743-743e4c526680', '2a968680-5a85-4775-8083-05370ecf7171', '2026-04-16T00:54:18.748Z'),
  ('8fd055e1-5201-47cf-afe4-dad4ab8d11a6', 'historical-f4a6f3cfdf499c4b', '2024-09-02', 'Ken Boyle', 'Administration', 'AI - Research', 0.50, 'TiM Metrics.xlsx', 329, '2026-04-16T00:54:18.748Z', '11dd9d76-c5c4-471c-a74b-2d3b6aafe6de', 'e9a2c6c4-b94e-4001-81d3-051fb76ec1a2', 'e4d9d2a7-6a3d-4fca-ab13-84341f9ce8ee', '2026-04-16T00:54:18.748Z'),
  ('b3cd6f6e-2471-4402-9f02-9f0515bc048a', 'historical-89cdaf3a2a6ab915', '2024-09-02', 'Ken Boyle', 'Administration', 'Email - Responding/Creating', 1, 'TiM Metrics.xlsx', 326, '2026-04-16T00:54:18.748Z', '11dd9d76-c5c4-471c-a74b-2d3b6aafe6de', 'e9a2c6c4-b94e-4001-81d3-051fb76ec1a2', '2887fc95-e2dd-4465-b9b1-dcccc296a66a', '2026-04-16T00:54:18.748Z'),
  ('8df796c0-a6b1-400e-a612-45805ddf821c', 'historical-fe7e80600989b0a2', '2024-09-02', 'Ken Boyle', 'Sales', 'Project - Coding', 0.50, 'TiM Metrics.xlsx', 328, '2026-04-16T00:54:18.748Z', '11dd9d76-c5c4-471c-a74b-2d3b6aafe6de', 'f5e7b844-86c1-44b9-8743-743e4c526680', '6c159c2f-1457-4262-8848-c5f998e44a09', '2026-04-16T00:54:18.748Z'),
  ('0351838d-894e-4a2f-84f5-bef0385085e6', 'historical-1782fb855323e1cd', '2024-09-02', 'Ken Boyle', 'Sales', 'Vault Maintenance', 7, 'TiM Metrics.xlsx', 327, '2026-04-16T00:54:18.748Z', '11dd9d76-c5c4-471c-a74b-2d3b6aafe6de', 'f5e7b844-86c1-44b9-8743-743e4c526680', '2a968680-5a85-4775-8083-05370ecf7171', '2026-04-16T00:54:18.748Z'),
  ('25d23c27-4d00-4fe8-89c9-7811ed7b08ff', 'historical-2fb067951071bbfc', '2024-09-03', 'Ken Boyle', 'Administration', 'Email - Responding/Creating', 1, 'TiM Metrics.xlsx', 330, '2026-04-16T00:54:18.748Z', '11dd9d76-c5c4-471c-a74b-2d3b6aafe6de', 'e9a2c6c4-b94e-4001-81d3-051fb76ec1a2', '2887fc95-e2dd-4465-b9b1-dcccc296a66a', '2026-04-16T00:54:18.748Z'),
  ('b42a5f0e-1fa0-4428-8fb0-78692b1276f1', 'historical-875fc091c80071b8', '2024-09-03', 'Ken Boyle', 'Office', 'IT - Support', 0.50, 'TiM Metrics.xlsx', 331, '2026-04-16T00:54:18.748Z', '11dd9d76-c5c4-471c-a74b-2d3b6aafe6de', '7b033eba-ee6f-4e48-af5f-cb8bdd8430e3', 'da828189-0123-41ae-8e0c-c1ff771e64b7', '2026-04-16T00:54:18.748Z'),
  ('4340293f-47f9-4cb3-a1e9-8f796ed913b8', 'historical-03e236b8d78f5be7', '2024-09-03', 'Ken Boyle', 'Sales', 'Project - Coding', 5.50, 'TiM Metrics.xlsx', 332, '2026-04-16T00:54:18.748Z', '11dd9d76-c5c4-471c-a74b-2d3b6aafe6de', 'f5e7b844-86c1-44b9-8743-743e4c526680', '6c159c2f-1457-4262-8848-c5f998e44a09', '2026-04-16T00:54:18.748Z'),
  ('cf34baee-15bb-456c-b7c2-83a2974b9c9c', 'historical-4f9e015b41cafbaf', '2024-09-03', 'Ken Boyle', 'Sales', 'Vault Maintenance', 2, 'TiM Metrics.xlsx', 333, '2026-04-16T00:54:18.748Z', '11dd9d76-c5c4-471c-a74b-2d3b6aafe6de', 'f5e7b844-86c1-44b9-8743-743e4c526680', '2a968680-5a85-4775-8083-05370ecf7171', '2026-04-16T00:54:18.748Z'),
  ('3c545af0-212a-48b8-82b6-062aaaa624cc', 'historical-4543f9272aaa85c9', '2024-09-04', 'Ken Boyle', 'Administration', 'Email - Responding/Creating', 1, 'TiM Metrics.xlsx', 334, '2026-04-16T00:54:18.748Z', '11dd9d76-c5c4-471c-a74b-2d3b6aafe6de', 'e9a2c6c4-b94e-4001-81d3-051fb76ec1a2', '2887fc95-e2dd-4465-b9b1-dcccc296a66a', '2026-04-16T00:54:18.748Z'),
  ('0ffb8ed1-73ad-4aba-9c21-7d1625f104aa', 'historical-d3a6285bcbd5fd29', '2024-09-04', 'Ken Boyle', 'Office', 'IT - Support', 1, 'TiM Metrics.xlsx', 337, '2026-04-16T00:54:18.748Z', '11dd9d76-c5c4-471c-a74b-2d3b6aafe6de', '7b033eba-ee6f-4e48-af5f-cb8bdd8430e3', 'da828189-0123-41ae-8e0c-c1ff771e64b7', '2026-04-16T00:54:18.748Z'),
  ('051ddc8b-4d3e-4d4d-8cae-f3eb1d63cafb', 'historical-1c5c8e128e37113b', '2024-09-04', 'Ken Boyle', 'Sales', 'Project - Coding', 4, 'TiM Metrics.xlsx', 335, '2026-04-16T00:54:18.748Z', '11dd9d76-c5c4-471c-a74b-2d3b6aafe6de', 'f5e7b844-86c1-44b9-8743-743e4c526680', '6c159c2f-1457-4262-8848-c5f998e44a09', '2026-04-16T00:54:18.748Z'),
  ('261694d8-6bfb-42b6-9e84-6da75b2f8f69', 'historical-dd4a074894cc97a7', '2024-09-04', 'Ken Boyle', 'Sales', 'Vault Maintenance', 4, 'TiM Metrics.xlsx', 336, '2026-04-16T00:54:18.748Z', '11dd9d76-c5c4-471c-a74b-2d3b6aafe6de', 'f5e7b844-86c1-44b9-8743-743e4c526680', '2a968680-5a85-4775-8083-05370ecf7171', '2026-04-16T00:54:18.748Z'),
  ('d270a879-d4ab-46d5-9aad-41b3db320cac', 'historical-71267da639009eb5', '2024-09-05', 'Ken Boyle', 'Administration', 'Email - Responding/Creating', 1, 'TiM Metrics.xlsx', 338, '2026-04-16T00:54:18.748Z', '11dd9d76-c5c4-471c-a74b-2d3b6aafe6de', 'e9a2c6c4-b94e-4001-81d3-051fb76ec1a2', '2887fc95-e2dd-4465-b9b1-dcccc296a66a', '2026-04-16T00:54:18.748Z'),
  ('df9c0720-8f01-475e-8125-52a4b53ff28b', 'historical-a9ea8618bc3673f3', '2024-09-05', 'Ken Boyle', 'Sales', 'IT - Support', 0.50, 'TiM Metrics.xlsx', 341, '2026-04-16T00:54:18.748Z', '11dd9d76-c5c4-471c-a74b-2d3b6aafe6de', 'f5e7b844-86c1-44b9-8743-743e4c526680', 'da828189-0123-41ae-8e0c-c1ff771e64b7', '2026-04-16T00:54:18.748Z'),
  ('2ccb151b-b11b-4c0d-bbbf-705232f0a801', 'historical-a0a95f5ff56a7242', '2024-09-05', 'Ken Boyle', 'Sales', 'Project - Coding', 2, 'TiM Metrics.xlsx', 339, '2026-04-16T00:54:18.748Z', '11dd9d76-c5c4-471c-a74b-2d3b6aafe6de', 'f5e7b844-86c1-44b9-8743-743e4c526680', '6c159c2f-1457-4262-8848-c5f998e44a09', '2026-04-16T00:54:18.748Z'),
  ('a2c00862-d829-4f6a-9440-989d5dcf871b', 'historical-00bd1f48a3b70562', '2024-09-05', 'Ken Boyle', 'Sales', 'Vault Maintenance', 5, 'TiM Metrics.xlsx', 340, '2026-04-16T00:54:18.748Z', '11dd9d76-c5c4-471c-a74b-2d3b6aafe6de', 'f5e7b844-86c1-44b9-8743-743e4c526680', '2a968680-5a85-4775-8083-05370ecf7171', '2026-04-16T00:54:18.748Z'),
  ('6a12c908-ff07-4e49-acb3-4be4c4e66182', 'historical-514904be569d6f70', '2024-09-09', 'Ken Boyle', 'Administration', 'Email - Responding/Creating', 1, 'TiM Metrics.xlsx', 342, '2026-04-16T00:54:18.748Z', '11dd9d76-c5c4-471c-a74b-2d3b6aafe6de', 'e9a2c6c4-b94e-4001-81d3-051fb76ec1a2', '2887fc95-e2dd-4465-b9b1-dcccc296a66a', '2026-04-16T00:54:18.748Z'),
  ('44cb0b3c-9da0-4f29-9bf3-ab2fa3e613cd', 'historical-0742f3677e44e39f', '2024-09-09', 'Ken Boyle', 'Administration', 'General - Unspecified', 2, 'TiM Metrics.xlsx', 346, '2026-04-16T00:54:18.748Z', '11dd9d76-c5c4-471c-a74b-2d3b6aafe6de', 'e9a2c6c4-b94e-4001-81d3-051fb76ec1a2', 'de6c5e78-92d8-4864-b3a3-4925cad8e98b', '2026-04-16T00:54:18.748Z'),
  ('1f037c6e-3bd3-4507-a761-b5703c2f8047', 'historical-21d634a7f72d386c', '2024-09-09', 'Ken Boyle', 'Sales', 'Project - Coding', 2, 'TiM Metrics.xlsx', 344, '2026-04-16T00:54:18.748Z', '11dd9d76-c5c4-471c-a74b-2d3b6aafe6de', 'f5e7b844-86c1-44b9-8743-743e4c526680', '6c159c2f-1457-4262-8848-c5f998e44a09', '2026-04-16T00:54:18.748Z'),
  ('9e0713b0-9f66-44f1-a9de-00393389af5c', 'historical-63e734c0e91e3bc6', '2024-09-09', 'Ken Boyle', 'Sales', 'Project - Implementation', 1, 'TiM Metrics.xlsx', 343, '2026-04-16T00:54:18.748Z', '11dd9d76-c5c4-471c-a74b-2d3b6aafe6de', 'f5e7b844-86c1-44b9-8743-743e4c526680', 'fcd1f9af-5763-498b-bb04-ea193c1e6305', '2026-04-16T00:54:18.748Z'),
  ('1482de6c-7c39-47d1-8a27-d7f88462367c', 'historical-a01aa8ffadc6347c', '2024-09-09', 'Ken Boyle', 'Sales', 'Vault Maintenance', 2, 'TiM Metrics.xlsx', 345, '2026-04-16T00:54:18.748Z', '11dd9d76-c5c4-471c-a74b-2d3b6aafe6de', 'f5e7b844-86c1-44b9-8743-743e4c526680', '2a968680-5a85-4775-8083-05370ecf7171', '2026-04-16T00:54:18.748Z'),
  ('4f94e9e5-142b-485b-9901-cf6aeac75f97', 'historical-77ffbb087778bc5b', '2024-09-10', 'Ken Boyle', 'Administration', 'Email - Responding/Creating', 1, 'TiM Metrics.xlsx', 347, '2026-04-16T00:54:18.748Z', '11dd9d76-c5c4-471c-a74b-2d3b6aafe6de', 'e9a2c6c4-b94e-4001-81d3-051fb76ec1a2', '2887fc95-e2dd-4465-b9b1-dcccc296a66a', '2026-04-16T00:54:18.748Z'),
  ('c9f6d0f6-5575-48a5-b4af-ff8bd158b464', 'historical-9305a9e0c1a68e5c', '2024-09-10', 'Ken Boyle', 'Office', 'Grey Fox - IT Support', 0.50, 'TiM Metrics.xlsx', 350, '2026-04-16T00:54:18.748Z', '11dd9d76-c5c4-471c-a74b-2d3b6aafe6de', '7b033eba-ee6f-4e48-af5f-cb8bdd8430e3', '0a7a2102-4ef6-40f7-b838-107122523f9e', '2026-04-16T00:54:18.748Z'),
  ('0b03ed06-9e9e-4649-8bb2-f52a9966d013', 'historical-85af896ec5f6a7e0', '2024-09-10', 'Ken Boyle', 'Sales', 'Project - Coding', 2, 'TiM Metrics.xlsx', 349, '2026-04-16T00:54:18.748Z', '11dd9d76-c5c4-471c-a74b-2d3b6aafe6de', 'f5e7b844-86c1-44b9-8743-743e4c526680', '6c159c2f-1457-4262-8848-c5f998e44a09', '2026-04-16T00:54:18.748Z'),
  ('ddf0387a-f0bc-4fcf-b31c-f38584ba0963', 'historical-8816b570d8d0ffbb', '2024-09-10', 'Ken Boyle', 'Sales', 'Vault Maintenance', 5, 'TiM Metrics.xlsx', 348, '2026-04-16T00:54:18.748Z', '11dd9d76-c5c4-471c-a74b-2d3b6aafe6de', 'f5e7b844-86c1-44b9-8743-743e4c526680', '2a968680-5a85-4775-8083-05370ecf7171', '2026-04-16T00:54:18.748Z'),
  ('a066e366-b15c-4b4d-94e4-9c57bb1645aa', 'historical-3142a2c23bebc331', '2024-09-11', 'Ken Boyle', 'Administration', 'Email - Responding/Creating', 1, 'TiM Metrics.xlsx', 351, '2026-04-16T00:54:18.748Z', '11dd9d76-c5c4-471c-a74b-2d3b6aafe6de', 'e9a2c6c4-b94e-4001-81d3-051fb76ec1a2', '2887fc95-e2dd-4465-b9b1-dcccc296a66a', '2026-04-16T00:54:18.748Z'),
  ('949ebf94-e652-4635-8040-e4b618316711', 'historical-a5e10a3127a0867c', '2024-09-11', 'Ken Boyle', 'Administration', 'General - Unspecified', 1, 'TiM Metrics.xlsx', 354, '2026-04-16T00:54:18.748Z', '11dd9d76-c5c4-471c-a74b-2d3b6aafe6de', 'e9a2c6c4-b94e-4001-81d3-051fb76ec1a2', 'de6c5e78-92d8-4864-b3a3-4925cad8e98b', '2026-04-16T00:54:18.748Z'),
  ('c34ddb34-d1ac-4aa4-9528-3083e47f9225', 'historical-c5beaa0c17f95fa5', '2024-09-11', 'Ken Boyle', 'Sales', 'Project - Coding', 2.50, 'TiM Metrics.xlsx', 353, '2026-04-16T00:54:18.748Z', '11dd9d76-c5c4-471c-a74b-2d3b6aafe6de', 'f5e7b844-86c1-44b9-8743-743e4c526680', '6c159c2f-1457-4262-8848-c5f998e44a09', '2026-04-16T00:54:18.748Z'),
  ('31ab6458-764a-4853-9cca-9035c3820020', 'historical-b61ffcaca01395e5', '2024-09-11', 'Ken Boyle', 'Sales', 'Vault Maintenance', 2, 'TiM Metrics.xlsx', 352, '2026-04-16T00:54:18.748Z', '11dd9d76-c5c4-471c-a74b-2d3b6aafe6de', 'f5e7b844-86c1-44b9-8743-743e4c526680', '2a968680-5a85-4775-8083-05370ecf7171', '2026-04-16T00:54:18.748Z'),
  ('9ded97cd-565c-499e-92ef-bf17bdfffc06', 'historical-1a975963e699dbbd', '2024-09-12', 'Ken Boyle', 'Administration', 'Email - Responding/Creating', 1, 'TiM Metrics.xlsx', 355, '2026-04-16T00:54:18.748Z', '11dd9d76-c5c4-471c-a74b-2d3b6aafe6de', 'e9a2c6c4-b94e-4001-81d3-051fb76ec1a2', '2887fc95-e2dd-4465-b9b1-dcccc296a66a', '2026-04-16T00:54:18.748Z'),
  ('6a9a02de-f579-4121-8c45-57c12c1ee399', 'historical-b1ca9eaf45d13017', '2024-09-12', 'Ken Boyle', 'Administration', 'Grey Fox - IT Support', 0.50, 'TiM Metrics.xlsx', 357, '2026-04-16T00:54:18.748Z', '11dd9d76-c5c4-471c-a74b-2d3b6aafe6de', 'e9a2c6c4-b94e-4001-81d3-051fb76ec1a2', '0a7a2102-4ef6-40f7-b838-107122523f9e', '2026-04-16T00:54:18.748Z'),
  ('d21a497e-148a-40c5-b032-1010839e6b19', 'historical-51f8a6cd020c6acc', '2024-09-12', 'Ken Boyle', 'Sales', 'Project - Coding', 0.50, 'TiM Metrics.xlsx', 358, '2026-04-16T00:54:18.748Z', '11dd9d76-c5c4-471c-a74b-2d3b6aafe6de', 'f5e7b844-86c1-44b9-8743-743e4c526680', '6c159c2f-1457-4262-8848-c5f998e44a09', '2026-04-16T00:54:18.748Z'),
  ('76c917ed-56a2-4274-b838-bcf401032ecb', 'historical-aa68cc4683102164', '2024-09-12', 'Ken Boyle', 'Sales', 'Vault Maintenance', 3, 'TiM Metrics.xlsx', 356, '2026-04-16T00:54:18.748Z', '11dd9d76-c5c4-471c-a74b-2d3b6aafe6de', 'f5e7b844-86c1-44b9-8743-743e4c526680', '2a968680-5a85-4775-8083-05370ecf7171', '2026-04-16T00:54:18.748Z'),
  ('55a58e26-de95-4013-89e6-963d103c02d0', 'historical-501d934606a01f4f', '2024-09-13', 'Ken Boyle', 'Administration', 'Email - Responding/Creating', 1, 'TiM Metrics.xlsx', 359, '2026-04-16T00:54:18.748Z', '11dd9d76-c5c4-471c-a74b-2d3b6aafe6de', 'e9a2c6c4-b94e-4001-81d3-051fb76ec1a2', '2887fc95-e2dd-4465-b9b1-dcccc296a66a', '2026-04-16T00:54:18.748Z'),
  ('d9238e10-03e8-495f-b69b-57f43cc3f260', 'historical-a3de818f4f7658a5', '2024-09-13', 'Ken Boyle', 'Sales', 'Project - Implementation', 0.50, 'TiM Metrics.xlsx', 360, '2026-04-16T00:54:18.748Z', '11dd9d76-c5c4-471c-a74b-2d3b6aafe6de', 'f5e7b844-86c1-44b9-8743-743e4c526680', 'fcd1f9af-5763-498b-bb04-ea193c1e6305', '2026-04-16T00:54:18.748Z'),
  ('fdaacd57-7550-4f41-bb11-bac05e7b8848', 'historical-9271366d539a6792', '2024-09-13', 'Ken Boyle', 'Sales', 'Vault Maintenance', 1.50, 'TiM Metrics.xlsx', 361, '2026-04-16T00:54:18.748Z', '11dd9d76-c5c4-471c-a74b-2d3b6aafe6de', 'f5e7b844-86c1-44b9-8743-743e4c526680', '2a968680-5a85-4775-8083-05370ecf7171', '2026-04-16T00:54:18.748Z'),
  ('ae2385cf-3890-45b8-8458-1d2cb1db4ea7', 'historical-59fdf9e54eac1a58', '2024-09-16', 'Ken Boyle', 'Administration', 'Email - Responding/Creating', 1, 'TiM Metrics.xlsx', 362, '2026-04-16T00:54:18.748Z', '11dd9d76-c5c4-471c-a74b-2d3b6aafe6de', 'e9a2c6c4-b94e-4001-81d3-051fb76ec1a2', '2887fc95-e2dd-4465-b9b1-dcccc296a66a', '2026-04-16T00:54:18.748Z'),
  ('673862b9-e5a8-4da6-b677-adb0cba3c712', 'historical-1023f353992aa0f4', '2024-09-16', 'Ken Boyle', 'Administration', 'General - Unspecified', 2, 'TiM Metrics.xlsx', 363, '2026-04-16T00:54:18.748Z', '11dd9d76-c5c4-471c-a74b-2d3b6aafe6de', 'e9a2c6c4-b94e-4001-81d3-051fb76ec1a2', 'de6c5e78-92d8-4864-b3a3-4925cad8e98b', '2026-04-16T00:54:18.748Z'),
  ('1949e921-faf6-47de-a0c6-3bde507fa3b3', 'historical-201de68d21f3190f', '2024-09-16', 'Ken Boyle', 'Sales', 'Project - Coding', 1, 'TiM Metrics.xlsx', 364, '2026-04-16T00:54:18.748Z', '11dd9d76-c5c4-471c-a74b-2d3b6aafe6de', 'f5e7b844-86c1-44b9-8743-743e4c526680', '6c159c2f-1457-4262-8848-c5f998e44a09', '2026-04-16T00:54:18.748Z'),
  ('fe5ecbae-0d73-4d87-805f-136cd76d7a80', 'historical-0a93fb2de591add0', '2024-09-16', 'Ken Boyle', 'Sales', 'Vault Maintenance', 3, 'TiM Metrics.xlsx', 365, '2026-04-16T00:54:18.748Z', '11dd9d76-c5c4-471c-a74b-2d3b6aafe6de', 'f5e7b844-86c1-44b9-8743-743e4c526680', '2a968680-5a85-4775-8083-05370ecf7171', '2026-04-16T00:54:18.748Z'),
  ('58f850bc-6859-4742-804e-41a14ecc1edc', 'historical-cd5d1b9c09e4baad', '2024-09-17', 'Ken Boyle', 'Administration', 'AI - Research', 3, 'TiM Metrics.xlsx', 367, '2026-04-16T00:54:18.748Z', '11dd9d76-c5c4-471c-a74b-2d3b6aafe6de', 'e9a2c6c4-b94e-4001-81d3-051fb76ec1a2', 'e4d9d2a7-6a3d-4fca-ab13-84341f9ce8ee', '2026-04-16T00:54:18.748Z'),
  ('45bd42aa-e277-43ed-98e2-8dc72d89efb7', 'historical-b33fd6ba9b5b40eb', '2024-09-17', 'Ken Boyle', 'Administration', 'Email - Responding/Creating', 1, 'TiM Metrics.xlsx', 366, '2026-04-16T00:54:18.748Z', '11dd9d76-c5c4-471c-a74b-2d3b6aafe6de', 'e9a2c6c4-b94e-4001-81d3-051fb76ec1a2', '2887fc95-e2dd-4465-b9b1-dcccc296a66a', '2026-04-16T00:54:18.748Z'),
  ('7ad6402c-a684-4c47-852e-ccbe331adf36', 'historical-934a03547548f191', '2024-09-17', 'Ken Boyle', 'Administration', 'General - Unspecified', 0.50, 'TiM Metrics.xlsx', 370, '2026-04-16T00:54:18.748Z', '11dd9d76-c5c4-471c-a74b-2d3b6aafe6de', 'e9a2c6c4-b94e-4001-81d3-051fb76ec1a2', 'de6c5e78-92d8-4864-b3a3-4925cad8e98b', '2026-04-16T00:54:18.748Z'),
  ('61724a69-3bbf-4b68-870f-7d150667f49f', 'historical-9d86330dd016a46b', '2024-09-17', 'Ken Boyle', 'Office', 'IT - Support', 1.50, 'TiM Metrics.xlsx', 369, '2026-04-16T00:54:18.748Z', '11dd9d76-c5c4-471c-a74b-2d3b6aafe6de', '7b033eba-ee6f-4e48-af5f-cb8bdd8430e3', 'da828189-0123-41ae-8e0c-c1ff771e64b7', '2026-04-16T00:54:18.748Z'),
  ('983b9049-2c75-4a20-a48c-955d19f5407e', 'historical-f924fef920c7ac57', '2024-09-17', 'Ken Boyle', 'Sales', 'Project - Coding', 3, 'TiM Metrics.xlsx', 368, '2026-04-16T00:54:18.748Z', '11dd9d76-c5c4-471c-a74b-2d3b6aafe6de', 'f5e7b844-86c1-44b9-8743-743e4c526680', '6c159c2f-1457-4262-8848-c5f998e44a09', '2026-04-16T00:54:18.748Z'),
  ('03902036-bb88-45a8-abce-2f8fbe1716bd', 'historical-ea397231bb24121a', '2024-09-18', 'Ken Boyle', 'Administration', 'Email - Responding/Creating', 1, 'TiM Metrics.xlsx', 371, '2026-04-16T00:54:18.748Z', '11dd9d76-c5c4-471c-a74b-2d3b6aafe6de', 'e9a2c6c4-b94e-4001-81d3-051fb76ec1a2', '2887fc95-e2dd-4465-b9b1-dcccc296a66a', '2026-04-16T00:54:18.748Z'),
  ('b09a786a-098f-4ee0-86e2-e2879cb57ea6', 'historical-94457e01879eafdf', '2024-09-18', 'Ken Boyle', 'Administration', 'General - Unspecified', 1.50, 'TiM Metrics.xlsx', 372, '2026-04-16T00:54:18.748Z', '11dd9d76-c5c4-471c-a74b-2d3b6aafe6de', 'e9a2c6c4-b94e-4001-81d3-051fb76ec1a2', 'de6c5e78-92d8-4864-b3a3-4925cad8e98b', '2026-04-16T00:54:18.748Z'),
  ('20193bbb-8a14-44c1-8b77-8fa62d8c1b56', 'historical-81193d8fc8fa0808', '2024-09-18', 'Ken Boyle', 'Company', 'Grey Fox - IT Support', 0.50, 'TiM Metrics.xlsx', 377, '2026-04-16T00:54:18.748Z', '11dd9d76-c5c4-471c-a74b-2d3b6aafe6de', '784152bf-4518-49f0-a606-92802f54fddf', '0a7a2102-4ef6-40f7-b838-107122523f9e', '2026-04-16T00:54:18.748Z'),
  ('cb0b1ea6-02f7-4fef-bdda-cea256026590', 'historical-d465093fb40188a7', '2024-09-18', 'Ken Boyle', 'Company', 'IT - Support', 0.50, 'TiM Metrics.xlsx', 375, '2026-04-16T00:54:18.748Z', '11dd9d76-c5c4-471c-a74b-2d3b6aafe6de', '784152bf-4518-49f0-a606-92802f54fddf', 'da828189-0123-41ae-8e0c-c1ff771e64b7', '2026-04-16T00:54:18.748Z'),
  ('18817f4d-b297-4958-8d82-575e5f6a1537', 'historical-d4a4e4f6e11ea379', '2024-09-18', 'Ken Boyle', 'Property Management', 'IT - Support', 1, 'TiM Metrics.xlsx', 373, '2026-04-16T00:54:18.748Z', '11dd9d76-c5c4-471c-a74b-2d3b6aafe6de', '0143eff8-9844-44ea-b4d5-f4e277c78bb9', 'da828189-0123-41ae-8e0c-c1ff771e64b7', '2026-04-16T00:54:18.748Z'),
  ('01a25b1c-bb8e-401b-b834-ebb4a3fdd0a8', 'historical-fa3948115ca552d4', '2024-09-18', 'Ken Boyle', 'Sales', 'Project - Coding', 1.50, 'TiM Metrics.xlsx', 376, '2026-04-16T00:54:18.748Z', '11dd9d76-c5c4-471c-a74b-2d3b6aafe6de', 'f5e7b844-86c1-44b9-8743-743e4c526680', '6c159c2f-1457-4262-8848-c5f998e44a09', '2026-04-16T00:54:18.748Z'),
  ('b9051e02-c4f2-4103-bb01-e91329b0bb63', 'historical-6c29cdcf92d1e731', '2024-09-18', 'Ken Boyle', 'Sales', 'Vault Maintenance', 3, 'TiM Metrics.xlsx', 374, '2026-04-16T00:54:18.748Z', '11dd9d76-c5c4-471c-a74b-2d3b6aafe6de', 'f5e7b844-86c1-44b9-8743-743e4c526680', '2a968680-5a85-4775-8083-05370ecf7171', '2026-04-16T00:54:18.748Z'),
  ('16e5f423-5281-4955-89f6-9872a40daaf7', 'historical-53eb20abff1f927a', '2024-09-19', 'Ken Boyle', 'Administration', 'AI - Research', 4, 'TiM Metrics.xlsx', 381, '2026-04-16T00:54:18.748Z', '11dd9d76-c5c4-471c-a74b-2d3b6aafe6de', 'e9a2c6c4-b94e-4001-81d3-051fb76ec1a2', 'e4d9d2a7-6a3d-4fca-ab13-84341f9ce8ee', '2026-04-16T00:54:18.748Z'),
  ('558073f0-6b52-4244-941e-84257afe4984', 'historical-96d9e176abe1996d', '2024-09-19', 'Ken Boyle', 'Administration', 'Email - Responding/Creating', 1.50, 'TiM Metrics.xlsx', 378, '2026-04-16T00:54:18.748Z', '11dd9d76-c5c4-471c-a74b-2d3b6aafe6de', 'e9a2c6c4-b94e-4001-81d3-051fb76ec1a2', '2887fc95-e2dd-4465-b9b1-dcccc296a66a', '2026-04-16T00:54:18.748Z'),
  ('b15d4c3c-e691-4ddd-bd5f-2fec337a0063', 'historical-27d91649b52f4006', '2024-09-19', 'Ken Boyle', 'Property Management', 'Project - Implementation', 2, 'TiM Metrics.xlsx', 380, '2026-04-16T00:54:18.748Z', '11dd9d76-c5c4-471c-a74b-2d3b6aafe6de', '0143eff8-9844-44ea-b4d5-f4e277c78bb9', 'fcd1f9af-5763-498b-bb04-ea193c1e6305', '2026-04-16T00:54:18.748Z'),
  ('1a51e17d-bfb5-4b51-abd6-a9aa4ae38f57', 'historical-1d9748765332a766', '2024-09-19', 'Ken Boyle', 'Property Management', 'Training - Preparing/Presenting', 1, 'TiM Metrics.xlsx', 382, '2026-04-16T00:54:18.748Z', '11dd9d76-c5c4-471c-a74b-2d3b6aafe6de', '0143eff8-9844-44ea-b4d5-f4e277c78bb9', '79b0aefd-1e46-4c1f-b2b2-67edf54235c4', '2026-04-16T00:54:18.748Z'),
  ('61fe8f47-2d47-466e-a172-e775d57126e1', 'historical-5c66e124216f00e9', '2024-09-19', 'Ken Boyle', 'Sales', 'Project - Coding', 0.50, 'TiM Metrics.xlsx', 379, '2026-04-16T00:54:18.748Z', '11dd9d76-c5c4-471c-a74b-2d3b6aafe6de', 'f5e7b844-86c1-44b9-8743-743e4c526680', '6c159c2f-1457-4262-8848-c5f998e44a09', '2026-04-16T00:54:18.748Z'),
  ('f0356bb7-a9c8-4612-9b15-a90721f769b1', 'historical-afe31006e870e58d', '2024-09-20', 'Ken Boyle', 'Administration', 'Email - Responding/Creating', 1, 'TiM Metrics.xlsx', 384, '2026-04-16T00:54:18.748Z', '11dd9d76-c5c4-471c-a74b-2d3b6aafe6de', 'e9a2c6c4-b94e-4001-81d3-051fb76ec1a2', '2887fc95-e2dd-4465-b9b1-dcccc296a66a', '2026-04-16T00:54:18.748Z'),
  ('c782c9a7-70de-4e11-989f-0cb370d2e914', 'historical-049735c855646e89', '2024-09-20', 'Ken Boyle', 'Administration', 'General - Unspecified', 2, 'TiM Metrics.xlsx', 387, '2026-04-16T00:54:18.748Z', '11dd9d76-c5c4-471c-a74b-2d3b6aafe6de', 'e9a2c6c4-b94e-4001-81d3-051fb76ec1a2', 'de6c5e78-92d8-4864-b3a3-4925cad8e98b', '2026-04-16T00:54:18.748Z'),
  ('66292022-9793-4a7d-84be-71fdf956ab06', 'historical-f8dbe4418aff58dc', '2024-09-20', 'Ken Boyle', 'Company', 'Training - Preparing/Presenting', 2.50, 'TiM Metrics.xlsx', 385, '2026-04-16T00:54:18.748Z', '11dd9d76-c5c4-471c-a74b-2d3b6aafe6de', '784152bf-4518-49f0-a606-92802f54fddf', '79b0aefd-1e46-4c1f-b2b2-67edf54235c4', '2026-04-16T00:54:18.748Z'),
  ('dc0dff74-0da5-4e2f-a38f-f04aaaefe75a', 'historical-e467e4a80752e12b', '2024-09-20', 'Ken Boyle', 'Office', 'IT - Support', 0.50, 'TiM Metrics.xlsx', 383, '2026-04-16T00:54:18.748Z', '11dd9d76-c5c4-471c-a74b-2d3b6aafe6de', '7b033eba-ee6f-4e48-af5f-cb8bdd8430e3', 'da828189-0123-41ae-8e0c-c1ff771e64b7', '2026-04-16T00:54:18.748Z'),
  ('9f3f8ad3-bd42-4232-8b56-954e4bfdf893', 'historical-0d79fab0d0212c37', '2024-09-20', 'Ken Boyle', 'Sales', 'Vault Maintenance', 3, 'TiM Metrics.xlsx', 386, '2026-04-16T00:54:18.748Z', '11dd9d76-c5c4-471c-a74b-2d3b6aafe6de', 'f5e7b844-86c1-44b9-8743-743e4c526680', '2a968680-5a85-4775-8083-05370ecf7171', '2026-04-16T00:54:18.748Z'),
  ('d9fa58e2-40ae-41ee-9412-b9e014629c43', 'historical-51b08722aecfecb9', '2024-09-23', 'Ken Boyle', 'Administration', 'AI - Research', 2, 'TiM Metrics.xlsx', 396, '2026-04-16T00:54:18.748Z', '11dd9d76-c5c4-471c-a74b-2d3b6aafe6de', 'e9a2c6c4-b94e-4001-81d3-051fb76ec1a2', 'e4d9d2a7-6a3d-4fca-ab13-84341f9ce8ee', '2026-04-16T00:54:18.748Z'),
  ('f2d7380d-26c7-4532-ac2b-58cef9d97a87', 'historical-b90bed8b258b6acd', '2024-09-23', 'Ken Boyle', 'Administration', 'Email - Responding/Creating', 1, 'TiM Metrics.xlsx', 392, '2026-04-16T00:54:18.748Z', '11dd9d76-c5c4-471c-a74b-2d3b6aafe6de', 'e9a2c6c4-b94e-4001-81d3-051fb76ec1a2', '2887fc95-e2dd-4465-b9b1-dcccc296a66a', '2026-04-16T00:54:18.748Z'),
  ('dfc855f2-b404-4dc9-9941-8450581adb04', 'historical-6f7681c747baf5a6', '2024-09-23', 'Ken Boyle', 'Administration', 'General - Unspecified', 1, 'TiM Metrics.xlsx', 397, '2026-04-16T00:54:18.748Z', '11dd9d76-c5c4-471c-a74b-2d3b6aafe6de', 'e9a2c6c4-b94e-4001-81d3-051fb76ec1a2', 'de6c5e78-92d8-4864-b3a3-4925cad8e98b', '2026-04-16T00:54:18.748Z'),
  ('e9f261af-cb3a-4a2d-8106-29115ce70753', 'historical-d8cd96a70e42cf0f', '2024-09-23', 'Ken Boyle', 'Office', 'Project - Preparation', 2, 'TiM Metrics.xlsx', 393, '2026-04-16T00:54:18.748Z', '11dd9d76-c5c4-471c-a74b-2d3b6aafe6de', '7b033eba-ee6f-4e48-af5f-cb8bdd8430e3', 'fb018b64-fe21-415d-a646-e5affc70dba1', '2026-04-16T00:54:18.748Z'),
  ('95e3c131-6790-46f8-a950-26e2ac6b5bc5', 'historical-a594fec91c0b9454', '2024-09-23', 'Ken Boyle', 'Office', 'Training - Preparing/Presenting', 1, 'TiM Metrics.xlsx', 394, '2026-04-16T00:54:18.748Z', '11dd9d76-c5c4-471c-a74b-2d3b6aafe6de', '7b033eba-ee6f-4e48-af5f-cb8bdd8430e3', '79b0aefd-1e46-4c1f-b2b2-67edf54235c4', '2026-04-16T00:54:18.748Z'),
  ('2e933ed1-0ddc-4ee2-9837-4403863b813e', 'historical-c244ee2e3cfbc3d0', '2024-09-23', 'Ken Boyle', 'Sales', 'Vault Maintenance', 1, 'TiM Metrics.xlsx', 395, '2026-04-16T00:54:18.748Z', '11dd9d76-c5c4-471c-a74b-2d3b6aafe6de', 'f5e7b844-86c1-44b9-8743-743e4c526680', '2a968680-5a85-4775-8083-05370ecf7171', '2026-04-16T00:54:18.748Z'),
  ('1f067de3-ef13-49d3-adf7-4ee41292a661', 'historical-1995bb07c9c06a1b', '2024-09-24', 'Ken Boyle', 'Administration', 'Email - Responding/Creating', 2, 'TiM Metrics.xlsx', 388, '2026-04-16T00:54:18.748Z', '11dd9d76-c5c4-471c-a74b-2d3b6aafe6de', 'e9a2c6c4-b94e-4001-81d3-051fb76ec1a2', '2887fc95-e2dd-4465-b9b1-dcccc296a66a', '2026-04-16T00:54:18.748Z'),
  ('a187e88e-e498-4d6a-b130-20b42b06c61b', 'historical-11b5f41f59ef842b', '2024-09-24', 'Ken Boyle', 'Administration', 'General - Unspecified', 0.50, 'TiM Metrics.xlsx', 391, '2026-04-16T00:54:18.748Z', '11dd9d76-c5c4-471c-a74b-2d3b6aafe6de', 'e9a2c6c4-b94e-4001-81d3-051fb76ec1a2', 'de6c5e78-92d8-4864-b3a3-4925cad8e98b', '2026-04-16T00:54:18.748Z'),
  ('9dd2ec73-df78-4398-b9f1-4a41c8d46d05', 'historical-56e036a2d8c12685', '2024-09-24', 'Ken Boyle', 'Office', 'Cognito Forms - Creation/Modification', 4, 'TiM Metrics.xlsx', 390, '2026-04-16T00:54:18.748Z', '11dd9d76-c5c4-471c-a74b-2d3b6aafe6de', '7b033eba-ee6f-4e48-af5f-cb8bdd8430e3', 'c444efd9-078c-4e18-9afd-25244fadb6db', '2026-04-16T00:54:18.748Z'),
  ('b1fbe011-d7b0-4e49-b680-3a019368eeeb', 'historical-4e9bf0fef2715dab', '2024-09-24', 'Ken Boyle', 'Office', 'Project - Implementation', 3, 'TiM Metrics.xlsx', 389, '2026-04-16T00:54:18.748Z', '11dd9d76-c5c4-471c-a74b-2d3b6aafe6de', '7b033eba-ee6f-4e48-af5f-cb8bdd8430e3', 'fcd1f9af-5763-498b-bb04-ea193c1e6305', '2026-04-16T00:54:18.748Z'),
  ('34c24acf-f7fe-4460-a626-a63221033877', 'historical-d77ee6158a12f2d1', '2024-09-26', 'Ken Boyle', 'Administration', 'Email - Responding/Creating', 1.50, 'TiM Metrics.xlsx', 398, '2026-04-16T00:54:18.748Z', '11dd9d76-c5c4-471c-a74b-2d3b6aafe6de', 'e9a2c6c4-b94e-4001-81d3-051fb76ec1a2', '2887fc95-e2dd-4465-b9b1-dcccc296a66a', '2026-04-16T00:54:18.748Z'),
  ('24c25672-1d74-49c8-9812-120ad0eb9c0e', 'historical-002550d2caa6a127', '2024-09-26', 'Ken Boyle', 'Administration', 'General - Unspecified', 1, 'TiM Metrics.xlsx', 402, '2026-04-16T00:54:18.748Z', '11dd9d76-c5c4-471c-a74b-2d3b6aafe6de', 'e9a2c6c4-b94e-4001-81d3-051fb76ec1a2', 'de6c5e78-92d8-4864-b3a3-4925cad8e98b', '2026-04-16T00:54:18.748Z'),
  ('67e25ef8-6603-47e0-a489-ede98112123a', 'historical-48168e7610ff8547', '2024-09-26', 'Ken Boyle', 'Office', 'Cognito Forms - Creation/Modification', 2, 'TiM Metrics.xlsx', 399, '2026-04-16T00:54:18.748Z', '11dd9d76-c5c4-471c-a74b-2d3b6aafe6de', '7b033eba-ee6f-4e48-af5f-cb8bdd8430e3', 'c444efd9-078c-4e18-9afd-25244fadb6db', '2026-04-16T00:54:18.748Z'),
  ('172bb8c4-7bb2-425f-8ed4-4f006f49c97e', 'historical-4e0fc7b21ffdeb84', '2024-09-26', 'Ken Boyle', 'Office', 'IT - Support', 1, 'TiM Metrics.xlsx', 401, '2026-04-16T00:54:18.748Z', '11dd9d76-c5c4-471c-a74b-2d3b6aafe6de', '7b033eba-ee6f-4e48-af5f-cb8bdd8430e3', 'da828189-0123-41ae-8e0c-c1ff771e64b7', '2026-04-16T00:54:18.748Z'),
  ('76705d25-ac57-42f7-aa2e-b93c242b2d20', 'historical-4b549213c7936835', '2024-09-26', 'Ken Boyle', 'Sales', 'Vault Maintenance', 3, 'TiM Metrics.xlsx', 400, '2026-04-16T00:54:18.748Z', '11dd9d76-c5c4-471c-a74b-2d3b6aafe6de', 'f5e7b844-86c1-44b9-8743-743e4c526680', '2a968680-5a85-4775-8083-05370ecf7171', '2026-04-16T00:54:18.748Z'),
  ('0e99b6f3-cd35-49e6-8022-b0ccadef22b6', 'historical-f6b0d1aa4e414b81', '2024-09-27', 'Ken Boyle', 'Administration', 'Email - Responding/Creating', 1, 'TiM Metrics.xlsx', 403, '2026-04-16T00:54:18.748Z', '11dd9d76-c5c4-471c-a74b-2d3b6aafe6de', 'e9a2c6c4-b94e-4001-81d3-051fb76ec1a2', '2887fc95-e2dd-4465-b9b1-dcccc296a66a', '2026-04-16T00:54:18.748Z'),
  ('76a4c547-9c49-40e2-8991-a726c160b49f', 'historical-5d193e4cef76b33f', '2024-09-27', 'Ken Boyle', 'Office', 'IT - Support', 1, 'TiM Metrics.xlsx', 406, '2026-04-16T00:54:18.748Z', '11dd9d76-c5c4-471c-a74b-2d3b6aafe6de', '7b033eba-ee6f-4e48-af5f-cb8bdd8430e3', 'da828189-0123-41ae-8e0c-c1ff771e64b7', '2026-04-16T00:54:18.748Z'),
  ('c130cc3c-1a3c-4ec9-ac74-8b267a355340', 'historical-92deeccce3081756', '2024-09-27', 'Ken Boyle', 'Property Management', 'IT - Support', 1, 'TiM Metrics.xlsx', 405, '2026-04-16T00:54:18.748Z', '11dd9d76-c5c4-471c-a74b-2d3b6aafe6de', '0143eff8-9844-44ea-b4d5-f4e277c78bb9', 'da828189-0123-41ae-8e0c-c1ff771e64b7', '2026-04-16T00:54:18.748Z'),
  ('f9b80693-b158-447c-bf69-d7ea3403522d', 'historical-fbb3129c09a87bcf', '2024-09-27', 'Ken Boyle', 'Sales', 'Vault Maintenance', 4, 'TiM Metrics.xlsx', 404, '2026-04-16T00:54:18.748Z', '11dd9d76-c5c4-471c-a74b-2d3b6aafe6de', 'f5e7b844-86c1-44b9-8743-743e4c526680', '2a968680-5a85-4775-8083-05370ecf7171', '2026-04-16T00:54:18.748Z'),
  ('6849f711-d578-452d-9748-fbd1ab29ce45', 'historical-ed941d9bc2e2d02e', '2024-09-30', 'Ken Boyle', 'Administration', 'AI - Research', 2, 'TiM Metrics.xlsx', 409, '2026-04-16T00:54:18.748Z', '11dd9d76-c5c4-471c-a74b-2d3b6aafe6de', 'e9a2c6c4-b94e-4001-81d3-051fb76ec1a2', 'e4d9d2a7-6a3d-4fca-ab13-84341f9ce8ee', '2026-04-16T00:54:18.748Z'),
  ('d5ad5e07-53f8-4cd4-9d48-8986bdf0478d', 'historical-91efa695df5a224c', '2024-09-30', 'Ken Boyle', 'Administration', 'Email - Responding/Creating', 2, 'TiM Metrics.xlsx', 407, '2026-04-16T00:54:18.748Z', '11dd9d76-c5c4-471c-a74b-2d3b6aafe6de', 'e9a2c6c4-b94e-4001-81d3-051fb76ec1a2', '2887fc95-e2dd-4465-b9b1-dcccc296a66a', '2026-04-16T00:54:18.748Z'),
  ('8521126f-13fa-4427-81f2-2cd69485e432', 'historical-01052e67ebb3b8a3', '2024-09-30', 'Ken Boyle', 'Company', 'IT - Support', 1.50, 'TiM Metrics.xlsx', 410, '2026-04-16T00:54:18.748Z', '11dd9d76-c5c4-471c-a74b-2d3b6aafe6de', '784152bf-4518-49f0-a606-92802f54fddf', 'da828189-0123-41ae-8e0c-c1ff771e64b7', '2026-04-16T00:54:18.748Z'),
  ('703c659a-6440-4b85-a26e-aa685f929bfb', 'historical-2825e37dde7b313d', '2024-09-30', 'Ken Boyle', 'Office', 'Cognito Forms - Creation/Modification', 1, 'TiM Metrics.xlsx', 408, '2026-04-16T00:54:18.748Z', '11dd9d76-c5c4-471c-a74b-2d3b6aafe6de', '7b033eba-ee6f-4e48-af5f-cb8bdd8430e3', 'c444efd9-078c-4e18-9afd-25244fadb6db', '2026-04-16T00:54:18.748Z'),
  ('405fa7da-ec53-4b22-966a-007c70dfb96b', 'historical-3af2b88cdf595560', '2024-09-30', 'Ken Boyle', 'Sales', 'Project - Preparation', 2, 'TiM Metrics.xlsx', 411, '2026-04-16T00:54:18.748Z', '11dd9d76-c5c4-471c-a74b-2d3b6aafe6de', 'f5e7b844-86c1-44b9-8743-743e4c526680', 'fb018b64-fe21-415d-a646-e5affc70dba1', '2026-04-16T00:54:18.748Z'),
  ('5183d717-70f4-41a9-b920-a669e0e7921e', 'historical-aa8b86c1d91b2c58', '2024-10-01', 'Ken Boyle', 'Administration', 'Email - Responding/Creating', 1, 'TiM Metrics.xlsx', 412, '2026-04-16T00:54:18.748Z', '11dd9d76-c5c4-471c-a74b-2d3b6aafe6de', 'e9a2c6c4-b94e-4001-81d3-051fb76ec1a2', '2887fc95-e2dd-4465-b9b1-dcccc296a66a', '2026-04-16T00:54:18.748Z'),
  ('95290836-b105-4bf2-ad8b-9e441674d7e7', 'historical-393fa551a097d212', '2024-10-01', 'Ken Boyle', 'Administration', 'Project - Preparation', 4, 'TiM Metrics.xlsx', 413, '2026-04-16T00:54:18.748Z', '11dd9d76-c5c4-471c-a74b-2d3b6aafe6de', 'e9a2c6c4-b94e-4001-81d3-051fb76ec1a2', 'fb018b64-fe21-415d-a646-e5affc70dba1', '2026-04-16T00:54:18.748Z'),
  ('596e4c52-bfed-4f22-b77b-948760939b8e', 'historical-39b49eb6727c6f43', '2024-10-01', 'Ken Boyle', 'Sales', 'Project - Coding', 2, 'TiM Metrics.xlsx', 415, '2026-04-16T00:54:18.748Z', '11dd9d76-c5c4-471c-a74b-2d3b6aafe6de', 'f5e7b844-86c1-44b9-8743-743e4c526680', '6c159c2f-1457-4262-8848-c5f998e44a09', '2026-04-16T00:54:18.748Z'),
  ('779d44d1-48df-4ea1-ab09-2f8616333b3a', 'historical-3eef4a237b3c875b', '2024-10-01', 'Ken Boyle', 'Sales', 'Vault Maintenance', 2, 'TiM Metrics.xlsx', 414, '2026-04-16T00:54:18.748Z', '11dd9d76-c5c4-471c-a74b-2d3b6aafe6de', 'f5e7b844-86c1-44b9-8743-743e4c526680', '2a968680-5a85-4775-8083-05370ecf7171', '2026-04-16T00:54:18.748Z'),
  ('c4ec414f-6fc3-4d37-b2e0-252f1e649ca0', 'historical-1326187c63dba83b', '2024-10-02', 'Ken Boyle', 'Administration', 'Email - Responding/Creating', 1, 'TiM Metrics.xlsx', 416, '2026-04-16T00:54:18.748Z', '11dd9d76-c5c4-471c-a74b-2d3b6aafe6de', 'e9a2c6c4-b94e-4001-81d3-051fb76ec1a2', '2887fc95-e2dd-4465-b9b1-dcccc296a66a', '2026-04-16T00:54:18.748Z'),
  ('4a408036-8d21-42b9-8022-4dab19d39846', 'historical-5cd49978677165c9', '2024-10-02', 'Ken Boyle', 'Office', 'Grey Fox - IT Support', 0.50, 'TiM Metrics.xlsx', 419, '2026-04-16T00:54:18.748Z', '11dd9d76-c5c4-471c-a74b-2d3b6aafe6de', '7b033eba-ee6f-4e48-af5f-cb8bdd8430e3', '0a7a2102-4ef6-40f7-b838-107122523f9e', '2026-04-16T00:54:18.748Z'),
  ('4f59b7b6-af63-4e94-b2ed-5178b8b03054', 'historical-e9a749aca4461bf2', '2024-10-02', 'Ken Boyle', 'Sales', 'Project - Coding', 1, 'TiM Metrics.xlsx', 418, '2026-04-16T00:54:18.748Z', '11dd9d76-c5c4-471c-a74b-2d3b6aafe6de', 'f5e7b844-86c1-44b9-8743-743e4c526680', '6c159c2f-1457-4262-8848-c5f998e44a09', '2026-04-16T00:54:18.748Z'),
  ('e5865825-9c06-4363-b0c3-4373805cd34d', 'historical-076c81f8991321e6', '2024-10-02', 'Ken Boyle', 'Sales', 'Vault Maintenance', 6, 'TiM Metrics.xlsx', 417, '2026-04-16T00:54:18.748Z', '11dd9d76-c5c4-471c-a74b-2d3b6aafe6de', 'f5e7b844-86c1-44b9-8743-743e4c526680', '2a968680-5a85-4775-8083-05370ecf7171', '2026-04-16T00:54:18.748Z'),
  ('0ffc15ba-28f9-41b0-be35-b4451e22f9df', 'historical-bf0118b737b1cf3d', '2024-10-04', 'Ken Boyle', 'Administration', 'Email - Responding/Creating', 1, 'TiM Metrics.xlsx', 420, '2026-04-16T00:54:18.748Z', '11dd9d76-c5c4-471c-a74b-2d3b6aafe6de', 'e9a2c6c4-b94e-4001-81d3-051fb76ec1a2', '2887fc95-e2dd-4465-b9b1-dcccc296a66a', '2026-04-16T00:54:18.748Z'),
  ('6a31a6c3-74e8-4976-928b-f21b20196db7', 'historical-fc2cc4fd38e15d97', '2024-10-04', 'Ken Boyle', 'Sales', 'Vault Maintenance', 7, 'TiM Metrics.xlsx', 421, '2026-04-16T00:54:18.748Z', '11dd9d76-c5c4-471c-a74b-2d3b6aafe6de', 'f5e7b844-86c1-44b9-8743-743e4c526680', '2a968680-5a85-4775-8083-05370ecf7171', '2026-04-16T00:54:18.748Z')
on conflict (source_record_key) do update
set work_date = excluded.work_date,
    employee_name = excluded.employee_name,
    department_name = excluded.department_name,
    activity_name = excluded.activity_name,
    hours = excluded.hours,
    source_file = excluded.source_file,
    source_row_number = excluded.source_row_number,
    imported_at = excluded.imported_at,
    mapped_user_id = excluded.mapped_user_id,
    mapped_department_id = excluded.mapped_department_id,
    mapped_activity_id = excluded.mapped_activity_id;

commit;
